Already have 146 games in DB

Fetching SteamSpy page 0...
  Got 1000 games, 891 new
Fetching SteamSpy page 1...
  Got 1000 games, 981 new
Fetching SteamSpy page 2...
  Got 1000 games, 994 new
Fetching SteamSpy page 3...
  Got 1000 games, 998 new
Fetching SteamSpy page 4...
  Got 1000 games, 999 new
Fetching SteamSpy page 5...
  Got 1000 games, 1000 new
Fetching SteamSpy page 6...
  Got 1000 games, 1000 new
Fetching SteamSpy page 7...
  Got 1000 games, 1000 new
Fetching SteamSpy page 8...
  Got 1000 games, 1000 new
Fetching SteamSpy page 9...
  Got 1000 games, 1000 new

Total new games to import: 9863

[1/9863] Counter-Strike: Condition Zero — playable — Action
[2/9863] Half-Life: Blue Shift — playable — Action
[3/9863] Counter-Strike: Source — playable — Action
[4/9863] Half-Life: Source — playable — Action
[5/9863] Day of Defeat: Source — playable — Action
[6/9863] Half-Life 2: Deathmatch — playable — Action
[7/9863] Half-Life 2: Lost Coast — verified — Action
[8/9863] Half-Life Deathmatch: Source — playable — Action
[9/9863] Half-Life 2: Episode One — playable — Action
[10/9863] Half-Life 2: Episode Two — verified — Action
[11/9863] Left 4 Dead — playable — Action
[12/9863] Alien Swarm — playable — Action, Free To Play
[13/9863] Killing Floor — playable — Action
[14/9863] Source Filmmaker — unsupported — Animation & Modeling, Video Production
[15/9863] Dark Messiah of Might & Magic — playable — Action, RPG
[16/9863] DOOM + DOOM II — verified — Action
[17/9863] Quake — verified — Action
[18/9863] Call of Duty® 2 — playable — Action
[19/9863] Plants vs. Zombies GOTY Edition — playable — Strategy
[20/9863] Sid Meier's Civilization® III Complete — unsupported — Strategy
[21/9863] Garry's Mod — playable — Casual, Indie, Simulation
[22/9863] S.T.A.L.K.E.R.: Shadow of Chernobyl — unsupported — Action, RPG
[23/9863] Company of Heroes - Legacy Edition — playable — Action, Strategy
[24/9863] Warhammer 40,000: Dawn of War - Anniversary Edition — unsupported — Strategy
[25/9863] Total War: MEDIEVAL II – Definitive Edition — playable — Strategy
[26/9863] Rome: Total War™ - Collection — playable — Strategy
[27/9863] Natural Selection 2 — playable — Action, Indie, Strategy
[28/9863] STAR WARS™ Republic Commando™ — playable — Action
[29/9863] STAR WARS™ Battlefront II (Classic, 2005) — playable — Action
[30/9863] Hitman 2: Silent Assassin — playable — Action
[31/9863] Hitman: Blood Money — playable — Action
[32/9863] Just Cause — playable — Action
[33/9863] Deus Ex: Game of the Year Edition — playable — Action
[34/9863] BioShock™ — playable — Action, RPG
[35/9863] Call of Duty® 4: Modern Warfare® (2007) — unsupported — Action
[36/9863] Just Cause 2 — unsupported — Action, Adventure
[37/9863] EVE Online — playable — Action, Massively Multiplayer, RPG, Strategy, Free To Play
[38/9863] BioShock® 2 — playable — Action
[39/9863] BioShock Infinite — playable — Action
[40/9863] Sid Meier's Civilization® V — playable — Strategy
[41/9863] Borderlands Game of the Year — playable — Action, RPG
[42/9863] Return to Castle Wolfenstein — playable — Action
[43/9863] Company of Heroes: Opposing Fronts — unsupported — Action, Strategy
[44/9863] Saints Row 2 — playable — Action
[45/9863] Star Trek Online — playable — Massively Multiplayer, RPG, Free To Play
[46/9863] Call of Duty: World at War — unsupported — Action
[47/9863] Call of Duty®: Modern Warfare® 2 (2009) — playable — Action
[48/9863] Call of Duty®: Modern Warfare® 2 (2009) — playable — Action
[49/9863] Total War: EMPIRE – Definitive Edition — playable — Strategy
[50/9863] Aliens vs. Predator™ — unsupported — Action
[51/9863] TrackMania Nations Forever — playable — Racing
[52/9863] Grand Theft Auto III — unsupported — Action
[53/9863] Grand Theft Auto: Vice City — unsupported — Action
[54/9863] Grand Theft Auto: San Andreas — playable — Action
[55/9863] Bully: Scholarship Edition — playable — Action, Adventure
[56/9863] Grand Theft Auto IV: The Complete Edition — playable — Action, Adventure
[57/9863] Grand Theft Auto: Episodes from Liberty City — unknown — Action
[58/9863] Far Cry® — playable — Action
[59/9863] Assassin's Creed™: Director's Cut Edition — playable — Action, Adventure
[60/9863] Warhammer 40,000: Dawn of War II - Anniversary Edition — playable — Strategy
[61/9863] Tribes: Ascend — playable — Action, Free To Play
[62/9863] Crysis — unsupported — Action
[63/9863] Crysis Warhead® — playable — Action
[64/9863] SPORE™ — unsupported — Action, Adventure, Casual, RPG, Simulation, Strategy
[65/9863] Mirror's Edge™ — playable — Action, Adventure
[66/9863] Mass Effect (2007) — playable — Action, RPG
[67/9863] Dead Space (2008) — verified — Action, Adventure
[68/9863] Command & Conquer™ Red Alert™ 3 — playable — Action, Strategy
[69/9863] Far Cry® 2 — playable — Action
[70/9863] Warhammer® 40,000: Dawn of War® II Chaos Rising — unknown — Strategy
[71/9863] The Witcher: Enhanced Edition Director's Cut — playable — Action, RPG
[72/9863] The Witcher 2: Assassins of Kings Enhanced Edition — unsupported — RPG
[73/9863] Resident Evil 5 — unsupported — Action, Adventure
[74/9863] The Elder Scrolls III: Morrowind® Game of the Year Edition — playable — RPG
[75/9863] The Elder Scrolls IV: Oblivion® Game of the Year Edition (2009) — playable — RPG
[76/9863] Fallout 3: Game of the Year Edition — playable — RPG
[77/9863] Fallout: New Vegas — playable — Action, RPG
[78/9863] The Last Remnant™ — verified — RPG
[79/9863] Train Simulator Classic — playable — Simulation
[80/9863] DC Universe™ Online — unsupported — Action, Adventure, Massively Multiplayer, RPG, Free To Play
[81/9863] PAYDAY™ The Heist — playable — Action
[82/9863] Battlefield: Bad Company™ 2 — playable — Action
[83/9863] Mass Effect 2 (2010 Edition) — playable — RPG
[84/9863] Braid — verified — Casual, Indie, Strategy
[85/9863] STAR WARS™ Knights of the Old Republic™ — playable — Adventure, RPG
[86/9863] STAR WARS™ - The Force Unleashed™ Ultimate Sith Edition — unsupported — Action
[87/9863] STAR WARS™ Empire at War - Gold Pack — playable — Strategy
[88/9863] Lord of the Rings: War in the North — unknown — Action, RPG
[89/9863] Assassin's Creed 2 — playable — Action, Adventure
[90/9863] Arma 2 — unsupported — Action, Simulation, Strategy
[91/9863] Arma 2: Operation Arrowhead — playable — Action, Simulation, Strategy
[92/9863] Total War: NAPOLEON – Definitive Edition — unsupported — Strategy
[93/9863] SEGA Mega Drive and Genesis Classics — verified — Action, Adventure, Casual, RPG
[94/9863] Total War: SHOGUN 2 — playable — Strategy
[95/9863] Sid Meier's Civilization® IV — unknown — Strategy
[96/9863] Civilization IV: Beyond the Sword — unknown — Strategy
[97/9863] Sniper: Ghost Warrior 2 — verified — Action
[98/9863] Batman: Arkham Asylum Game of the Year Edition — unsupported — Action, Adventure
[99/9863] Red Orchestra 2: Heroes of Stalingrad with Rising Storm — playable — Action, Massively Multiplayer, Simulation
[100/9863] Trine Enchanted Edition — playable — Action, Adventure, Indie
[101/9863] Trine 2: Complete Story — playable — Action, Adventure, Indie
[102/9863] Fallout: A Post Nuclear Role Playing Game — playable — RPG
[103/9863] RIFT — unsupported — Action, Adventure, Massively Multiplayer, RPG, Free To Play
[104/9863] FINAL FANTASY VII — playable — RPG
[105/9863] Gothic® 3 — playable — Action, RPG
[106/9863] Super Meat Boy — verified — Indie
[107/9863] Mafia — unsupported — Action, Adventure
[108/9863] Serious Sam HD: The First Encounter — playable — Action, Indie
[109/9863] Serious Sam 3: BFE — playable — Action, Indie
[110/9863] Torchlight — playable — RPG
[111/9863] Call of Duty®: Modern Warfare® 3 (2011) — unsupported — Action
[112/9863] Call of Duty®: Black Ops — playable — Action
[113/9863] Call of Duty®: Black Ops — playable — Action
[114/9863] Magicka — playable — Action, RPG
[115/9863] Medal of Honor™ — playable — Action
[116/9863] Dragon Age: Origins - Ultimate Edition — unsupported — RPG
[117/9863] Medal of Honor™ — unknown — Action
[118/9863] Need For Speed: Hot Pursuit — playable — Racing
[119/9863] The Sims™ 3 — unsupported — Simulation
[120/9863] LIMBO — verified — Action, Adventure, Indie
[121/9863] Assassin’s Creed® Brotherhood — playable — Action, Adventure
[122/9863] Mount & Blade: Warband — playable — Action, RPG
[123/9863] Borderlands 2 — playable — Action, RPG
[124/9863] Mafia II (Classic) — unsupported — Action
[125/9863] Spec Ops: The Line — unsupported — Action, Adventure
[126/9863] Darksiders™ — unsupported — Action, Adventure
[127/9863] Homefront — unsupported — Action
[128/9863] Red Faction®: Armageddon™ — playable — Action
[129/9863] Warhammer 40,000: Space Marine - Anniversary Edition — playable — Action
[130/9863] Saints Row: The Third — playable — Action
[131/9863] Warhammer 40,000: Dawn of War II: Retribution — unsupported — Strategy
[132/9863] Amnesia: The Dark Descent — playable — Action, Adventure, Indie
[133/9863] Tropico 4 — unsupported — Simulation, Strategy
[134/9863] Sniper Elite V2 — unsupported — Action
[135/9863] ARMA: Cold War Assault — playable — Action, Simulation, Strategy
[136/9863] Dungeon Defenders — unsupported — Action, Indie, RPG, Strategy
[137/9863] The Bureau: XCOM Declassified — verified — Action
[138/9863] Sid Meier's Civilization®: Beyond Earth™ — unsupported — Strategy
[139/9863] The Darkness II — playable — Action
[140/9863] The Elder Scrolls V: Skyrim — playable — RPG
[141/9863] The Tiny Bang Story — unknown — Adventure, Casual, Indie
[142/9863] Defy Gravity Extended — unsupported — Action, Casual, Indie
[143/9863] Spiral Knights — playable — Action, Adventure, Casual, Indie, Massively Multiplayer, RPG, Free To Play
[144/9863] Kingdoms of Amalur: Reckoning™ — playable — Action, RPG
[145/9863] Orcs Must Die! — playable — Action, Indie, Strategy
[146/9863] Age of Empires® III (2007) — playable — Simulation, Strategy
[147/9863] Bastion — playable — Action, Indie, RPG
[148/9863] Arma 3 — unsupported — Action, Simulation, Strategy
[149/9863] Project Zomboid — verified — Indie, RPG, Simulation, Early Access
[150/9863] Alan Wake — verified — Action, Adventure
[151/9863] Crysis 2 - Maximum Edition — playable — Action
[152/9863] Neverwinter — playable — Action, Adventure, Massively Multiplayer, RPG, Free To Play
[153/9863] L.A. Noire — playable — Adventure, Strategy
[154/9863] Monaco: What's Yours Is Mine — playable — Action, Adventure, Casual, Indie, Strategy
[155/9863] The Binding of Isaac — playable — Action, Adventure, Indie, RPG
[156/9863] APB Reloaded — playable — Action, Massively Multiplayer, Free To Play
[157/9863] Fallen Earth Classic — unsupported — Free To Play, Massively Multiplayer, RPG
[158/9863] Call of Duty®: Modern Warfare® 3 (2011) — unsupported — Action
[159/9863] Batman: Arkham City - Game of the Year Edition — playable — Action, Adventure
[160/9863] XCOM: Enemy Unknown — playable — Strategy
[161/9863] Torchlight II — playable — Action, Adventure, Indie, RPG
[162/9863] Total War: SHOGUN 2 — playable — Strategy
[163/9863] Orcs Must Die! 2 — playable — Action, Adventure, Indie, RPG, Strategy
[164/9863] Wolfenstein: The New Order — verified — Action
[165/9863] Sleeping Dogs — unsupported — Action, Adventure
[166/9863] Alan Wake's American Nightmare — verified — Action, Adventure
[167/9863] Call of Duty®: Black Ops II — unsupported — Action
[168/9863] Call of Duty®: Black Ops II — unsupported — Action
[169/9863] Hitman: Absolution™ — playable — Action
[170/9863] Tomb Raider Game of the Year — verified — Action, Adventure
[171/9863] America's Army: Proving Grounds — playable — Action, Free To Play
[172/9863] Crusader Kings II — playable — RPG, Simulation, Strategy, Free To Play
[173/9863] Awesomenauts — playable — Action, Indie, Strategy
[174/9863] Serious Sam II — verified — Action, Indie
[175/9863] Castle Crashers® — verified — Action, Adventure, Casual, Indie, RPG
[176/9863] Call of Juarez: Gunslinger — verified — Action
[177/9863] Sins of a Solar Empire®: Rebellion — unsupported — Action, Indie, Simulation, Strategy
[178/9863] Dishonored — verified — Action, Adventure
[179/9863] Saints Row IV: Re-Elected — playable — Action, Adventure
[180/9863] To the Moon — playable — Adventure, Indie, RPG
[181/9863] Dungeons & Dragons Online® — playable — Action, Adventure, Massively Multiplayer, RPG, Free To Play
[182/9863] AirMech — unsupported — Action, Indie, Strategy, Free To Play
[183/9863] SpeedRunners — playable — Action, Casual, Indie, Racing, Sports
[184/9863] ArcheBlade™ — unsupported — Action, Free To Play, Indie
[185/9863] The Walking Dead — verified — Adventure
[186/9863] Loadout — unsupported — Action, Free To Play, Indie
[187/9863] ENDLESS™ Space - Definitive Edition — playable — Strategy
[188/9863] STAR WARS™ Knights of the Old Republic™ II - The Sith Lords™ — playable — RPG
[189/9863] Batman™: Arkham Knight — verified — Action, Adventure
[190/9863] Batman™: Arkham Origins — unsupported — Action, Adventure
[191/9863] Guns of Icarus Online — playable — Action, Adventure, Indie, Simulation
[192/9863] Call of Duty®: Ghosts — playable — Action
[193/9863] Call of Duty®: Ghosts — unsupported — Action
[194/9863] Sanctum 2 — verified — Action, Indie, Strategy
[195/9863] RaceRoom Racing Experience — playable — Racing, Simulation, Sports, Free To Play
[196/9863] Star Conflict — playable — Action, Adventure, Massively Multiplayer, RPG, Simulation, Free To Play
[197/9863] Vindictus — unsupported — Action, Adventure, Massively Multiplayer, RPG, Free To Play
[198/9863] The Lord of the Rings Online™ — playable — Action, Adventure, Massively Multiplayer, RPG, Free To Play
[199/9863] FTL: Faster Than Light — playable — Indie, Simulation, Strategy
[200/9863] South Park™: The Stick of Truth™ — verified — Action, Adventure, RPG
[201/9863] Gear Up — playable — Action, Free To Play, Indie
[202/9863] Alien: Isolation — verified — Action
[203/9863] Mark of the Ninja — verified — Action, Adventure, Indie
[204/9863] Total War: ROME II - Emperor Edition — playable — Strategy
[205/9863] WAKFU — unsupported — Action, Adventure, Casual, Indie, Massively Multiplayer, RPG, Strategy, Free To Play
[206/9863] Secret World Legends — unsupported — Action, Adventure, Massively Multiplayer, RPG, Free To Play
[207/9863] MapleStory — unsupported — Action, Adventure, Casual, Massively Multiplayer, RPG, Free To Play
[208/9863] PlanetSide 2 — playable — Action, Massively Multiplayer, Free To Play
[209/9863] PAYDAY 2 — verified — Action, RPG
[210/9863] Hotline Miami — verified — Action, Indie
[211/9863] Chivalry: Medieval Warfare — unsupported — Action, Indie
[212/9863] Don't Starve — playable — Adventure, Indie, Simulation
[213/9863] Grim Dawn — playable — Action, Adventure, Indie, RPG
[214/9863] Kerbal Space Program — playable — Indie, Simulation
[215/9863] Far Cry 3 — playable — Action, Adventure
[216/9863] DmC: Devil May Cry — verified — Action, Adventure
[217/9863] Resident Evil 6 — verified — Action, Adventure
[218/9863] DayZ — unsupported — Action, Adventure, Massively Multiplayer
[219/9863] Age of Empires II (Retired) — verified — Strategy
[220/9863] The Stanley Parable — verified — Adventure, Indie
[221/9863] Insurgency — unsupported — Action, Indie, Strategy
[222/9863] POSTAL 2 — verified — Action, Adventure, Indie
[223/9863] Cry of Fear — unsupported — Action, Adventure, Indie
[224/9863] DCS World Steam Edition — playable — Simulation, Free To Play
[225/9863] No More Room in Hell — playable — Action, Indie, Free To Play
[226/9863] Ace of Spades: Battle Builder — unsupported — Action, Indie
[227/9863] Defiance — unknown — Action, Free To Play, Massively Multiplayer, RPG
[228/9863] FEZ — verified — Indie
[229/9863] Brothers - A Tale of Two Sons — playable — Action, Adventure, Indie
[230/9863] Brutal Legend — verified — Action, Adventure, Strategy
[231/9863] Just Cause™ 3 — playable — Action, Adventure
[232/9863] Age of Wonders III — playable — RPG, Strategy
[233/9863] Euro Truck Simulator 2 — verified — Indie, Simulation
[234/9863] Heroes & Generals — unsupported — Action, Free To Play, Indie, Massively Multiplayer, Strategy
[235/9863] Company of Heroes — playable — Action, Strategy
[236/9863] Baldur's Gate: Enhanced Edition — playable — Adventure, RPG
[237/9863] Wreckfest — verified — Action, Indie, Racing, Simulation, Sports
[239/9863] Company of Heroes 2 — playable — Strategy
[240/9863] Eador. Masters of the Broken World — unknown — Indie, RPG, Strategy
[241/9863] Killing Floor 2 — playable — Action
[242/9863] POSTAL — playable — Action, Indie
[243/9863] Stronghold Crusader 2 — playable — Simulation, Strategy
[244/9863] Shadow Warrior — verified — Action, Adventure
[245/9863] Prison Architect — playable — Indie, Simulation, Strategy
[246/9863] Surgeon Simulator — playable — Action, Indie, Simulation
[247/9863] Kenshi — playable — Action, Indie, RPG, Simulation, Strategy
[248/9863] Mad Max — verified — Action, Adventure
[249/9863] Shadowrun Returns — playable — Adventure, Indie, RPG, Strategy
[250/9863] METAL GEAR RISING: REVENGEANCE — verified — Action
[251/9863] Tom Clancy’s Splinter Cell Blacklist — playable — Action, Adventure
[252/9863] Dungeon Defenders II — unsupported — Action, Indie, RPG, Strategy, Free To Play
[253/9863] Europa Universalis IV — unsupported — Simulation, Strategy
[254/9863] HITMAN™ — playable — Action
[255/9863] Mortal Kombat Komplete Edition — playable — Action
[256/9863] Transistor — verified — Action, Indie, RPG
[257/9863] Deus Ex: Human Revolution - Director's Cut — playable — Action, RPG
[258/9863] Sniper Elite 3 — playable — Action, Adventure
[259/9863] Outlast — playable — Action, Adventure, Indie
[260/9863] Magicka 2 — unsupported — Action, Adventure
[261/9863] BattleBlock Theater® — verified — Action, Adventure, Casual, Indie
[262/9863] Path of Exile — playable — Action, Adventure, Indie, Massively Multiplayer, RPG, Free To Play
[263/9863] Papers, Please — verified — Adventure, Indie
[264/9863] Dying Light — verified — Action, RPG
[265/9863] Thief — playable — Action, Adventure
[266/9863] Game Dev Tycoon — playable — Casual, Indie, Simulation, Strategy
[267/9863] Panzar — unsupported — Action, Massively Multiplayer, RPG, Free To Play
[268/9863] Getting Over It with Bennett Foddy — verified — Action
[269/9863] Middle-earth™: Shadow of Mordor™ — verified — 
[270/9863] Assassin’s Creed® IV Black Flag™ — playable — Action, Adventure
[271/9863] GunZ 2: The Second Duel — unsupported — Action, Indie, Free To Play
[272/9863] Verdun — playable — Action, Indie, Massively Multiplayer, Simulation, Strategy
[273/9863] Banished — playable — Indie, Simulation, Strategy
[274/9863] Watch_Dogs™ — playable — Action, Adventure
[275/9863] Space Engineers — unsupported — Action, Indie, Simulation, Strategy
[276/9863] Skullgirls 2nd Encore — verified — Action, Indie
[277/9863] Tropico 5 — playable — RPG, Simulation, Strategy
[278/9863] Plague Inc: Evolved — verified — Casual, Indie, Simulation, Strategy
[279/9863] Viscera Cleanup Detail — playable — Indie, Simulation
[280/9863] Crypt of the NecroDancer — verified — Action, Indie, RPG
[281/9863] Toribash — playable — Action, Indie, Strategy, Free To Play
[282/9863] LEGO® Marvel™ Super Heroes — verified — Action, Adventure
[283/9863] How to Survive — verified — Action, Adventure, RPG
[284/9863] Wargame: Red Dragon — playable — Indie, Simulation, Strategy
[285/9863] Divide By Sheep — unsupported — Adventure, Casual, Indie
[286/9863] Rocket League® — verified — Action, Indie, Racing, Sports
[287/9863] theHunter Classic — playable — Action, Adventure, Free To Play, Simulation, Sports
[288/9863] Knights and Merchants — unknown — Simulation, Strategy
[289/9863] Jack Orlando: Director's Cut — unknown — Adventure
[290/9863] Enclave — unknown — Action, RPG
[291/9863] Resident Evil 4 (2005) — playable — Action, Adventure
[292/9863] Cities: Skylines — playable — Simulation, Strategy
[293/9863] Baldur's Gate II: Enhanced Edition — playable — Adventure, RPG
[294/9863] The Talos Principle — playable — Action, Adventure, Indie
[295/9863] Just Cause 2: Multiplayer Mod — unsupported — Action, Adventure
[296/9863] The Walking Dead: Season Two — playable — Adventure
[297/9863] Killer is Dead - Nightmare Edition — unsupported — Action
[298/9863] Mount & Blade II: Bannerlord — playable — Action, Indie, RPG, Simulation, Strategy
[299/9863] Ori and the Blind Forest — verified — Action
[300/9863] Borderlands: The Pre-Sequel — playable — Action, RPG
[301/9863] World of Guns: Gun Disassembly — verified — Action, Casual, Indie, Simulation, Strategy, Free To Play
[302/9863] Dragons and Titans — unknown — Action, Adventure, Free To Play, Indie, RPG
[303/9863] Dead Rising 3 Apocalypse Edition — unsupported — Action
[304/9863] The Red Solstice — playable — Strategy
[305/9863] Fistful of Frags — playable — Action, Free To Play, Indie
[306/9863] Goat Simulator — verified — Casual, Indie, Simulation
[307/9863] Age of Mythology: Extended Edition — unsupported — Simulation, Strategy
[308/9863] The Evil Within — verified — Action
[309/9863] Aura Kingdom — unsupported — Adventure, Casual, Free To Play, Massively Multiplayer, RPG
[310/9863] XCOM® 2 — playable — Strategy
[311/9863] Cuphead — verified — Action, Indie
[312/9863] Hero Siege — playable — Action, Adventure, Indie, Massively Multiplayer, RPG
[313/9863] RUNNING WITH RIFLES — verified — Action, Indie
[314/9863] American Truck Simulator — verified — Indie, Simulation
[315/9863] Grand Theft Auto V Legacy — unsupported — Action, Adventure
[316/9863] Counter-Strike Nexon — unsupported — Action, Casual, Indie, Massively Multiplayer, Free To Play
[317/9863] Evolve Stage 2 — unsupported — Action, Free To Play
[318/9863] Hotline Miami 2: Wrong Number — verified — Action, Indie
[319/9863] Broforce — playable — Action, Adventure, Casual, Indie
[320/9863] Depth — playable — Action, Indie
[321/9863] Guacamelee! Super Turbo Championship Edition — verified — Action, Adventure, Indie
[322/9863] No Man's Sky — verified — Action, Adventure
[323/9863] DYNASTY WARRIORS 8: Xtreme Legends Complete Edition — unsupported — Action
[324/9863] A Story About My Uncle — verified — Adventure, Casual, Indie
[325/9863] The I of the Dragon — unsupported — RPG
[326/9863] Creativerse — playable — Action, Adventure, Casual, Indie, Massively Multiplayer, RPG, Simulation
[327/9863] Stellaris — playable — Simulation, Strategy
[328/9863] This War of Mine — playable — Adventure, Indie, Simulation
[329/9863] SOMA — verified — Action, Adventure, Indie
[330/9863] Quake Live — playable — Action
[331/9863] BeamNG.drive — playable — Racing, Simulation, Early Access
[332/9863] Warhammer 40,000: Dawn of War III — playable — Action, Simulation, Strategy
[333/9863] Braveland — verified — Adventure, Casual, Indie, RPG, Strategy
[334/9863] Gang Beasts — verified — Action, Adventure, Casual, Indie, Simulation
[335/9863] Tabletop Simulator — unsupported — Casual, Indie, RPG, Simulation, Strategy
[336/9863] F1 2015 — playable — Racing, Sports
[337/9863] Metro 2033 Redux — verified — Action
[338/9863] S.K.I.L.L. - Special Force 2 (Shooter) — unsupported — Action, Adventure, Free To Play, Sports, Strategy
[339/9863] Resident Evil Revelations 2 — playable — Action, Adventure
[340/9863] Metro: Last Light Redux — verified — Action
[341/9863] Rise of Nations: Extended Edition — unsupported — Simulation, Strategy
[342/9863] METAL GEAR SOLID V: THE PHANTOM PAIN — playable — Action, Adventure
[343/9863] Sid Meier’s Civilization® VI — playable — Strategy
[344/9863] ENDLESS™ Legend — playable — RPG, Strategy
[345/9863] Assassin's Creed® Unity — playable — Action, Adventure
[346/9863] Warface: Clutch — unsupported — Action, Massively Multiplayer, Free To Play
[347/9863] Brawlhalla — verified — Action, Indie, Free To Play
[348/9863] Pillars of Eternity — playable — RPG
[349/9863] Call of Duty®: Infinite Warfare — playable — Action, Adventure
[350/9863] Deponia: The Complete Journey — playable — Adventure
[351/9863] Heroes® of Might & Magic® III - HD Edition — playable — RPG, Strategy
[352/9863] Far Cry® 4 — playable — Action, Adventure
[353/9863] Block N Load — unsupported — Action, Massively Multiplayer, Strategy, Free To Play
[354/9863] Woodle Tree Adventures — unknown — Action, Adventure, Indie
[355/9863] Robocraft — playable — Action, Indie, Massively Multiplayer, RPG, Simulation, Free To Play
[356/9863] Ryse: Son of Rome — verified — Action
[357/9863] BLOCKADE 3D — playable — Action, Free To Play, Early Access
[358/9863] Dead Bits — unsupported — Action, Casual, Indie
[359/9863] Trove — playable — Action, Adventure, Casual, Massively Multiplayer, RPG, Free To Play
[360/9863] Resident Evil — verified — Action, Adventure
[361/9863] FOR HONOR™ — playable — Action
[362/9863] INSIDE — verified — Action, Adventure, Indie
[363/9863] Aeon Command — unknown — Casual, Indie, Strategy
[364/9863] Unturned — playable — Action, Adventure, Casual, Indie, Free To Play
[365/9863] The Long Dark — verified — Adventure, Indie, Simulation, Strategy
[366/9863] Sleeping Dogs: Definitive Edition — playable — Action, Adventure, Racing
[367/9863] Mortal Kombat X — verified — Action
[368/9863] Back to Bed — unknown — Action, Casual, Indie
[369/9863] DiRT Rally — verified — Racing, Simulation, Sports
[370/9863] Street Fighter V — playable — Action
[371/9863] Call of Duty®: Black Ops III — playable — Action, Adventure
[372/9863] METAL GEAR SOLID V: GROUND ZEROES — verified — Action, Adventure
[373/9863] Enter the Gungeon — verified — Action, Adventure, Indie
[374/9863] Data Hacker: Initiation — unsupported — Adventure, Indie, RPG, Simulation
[375/9863] Rain World — playable — Action, Adventure, Indie
[376/9863] Duck Game — verified — Action, Indie
[377/9863] Sniper Elite 4 — verified — Action, Adventure
[378/9863] The Expendabros — verified — Action, Adventure, Indie, Free To Play
[379/9863] Microsoft Flight Simulator X: Steam Edition — unsupported — Simulation
[380/9863] Magic Duels — unsupported — Free To Play, Strategy
[381/9863] Five Nights at Freddy's — verified — Indie, Simulation
[382/9863] Life is Strange - Episode 1 — playable — Action, Adventure
[383/9863] AX:EL - Air XenoDawn — unknown — Action, Indie, Simulation
[384/9863] SUPERHOT — verified — Action, Indie
[385/9863] Frostpunk — playable — Simulation, Strategy
[386/9863] DRAGON BALL XENOVERSE — playable — Action
[387/9863] Jotun: Valhalla Edition — playable — Action, Adventure, Indie
[388/9863] Move or Die — verified — Action, Indie
[389/9863] Shadow Warrior 2 — verified — Action, Adventure
[390/9863] Total War: ATTILA — playable — Strategy
[391/9863] Gigantic — unknown — Action, Free To Play, Strategy
[392/9863] School of Dragons — playable — Adventure, Free To Play, Massively Multiplayer, RPG
[393/9863] Dirty Bomb® — unsupported — Action, Free To Play
[394/9863] Fortified — unknown — Action, Indie, Strategy
[395/9863] Town of Salem — playable — Action, Casual, RPG, Strategy
[396/9863] Transformice — playable — Free To Play, Indie, Massively Multiplayer
[397/9863] DARK SOULS™ II: Scholar of the First Sin — verified — Action, RPG
[398/9863] Deus Ex: Mankind Divided — playable — Action, RPG
[399/9863] Paint the Town Red — verified — Action, Indie
[400/9863] Keep Talking and Nobody Explodes — verified — Indie
[401/9863] MechWarrior Online™ Legends — playable — Action, Massively Multiplayer, Simulation, Strategy, Free To Play
[402/9863] Kholat — verified — Adventure, Indie
[403/9863] Besiege — playable — Indie, Simulation
[404/9863] BrainBread 2 — playable — Action, Adventure, Indie, Free To Play
[405/9863] AdVenture Capitalist — playable — Casual, Indie, Free To Play
[406/9863] NARUTO SHIPPUDEN: Ultimate Ninja STORM 4 — playable — Action, Adventure
[407/9863] Romero's Aftermath — unknown — Violent, Action, Free To Play, Indie, Massively Multiplayer
[408/9863] Sherlock Holmes: The Devil's Daughter — verified — Action, Adventure
[409/9863] The Descendant — verified — Adventure, Casual, Indie
[410/9863] Codename CURE — unknown — Action, Free To Play
[411/9863] Survarium — unsupported — Action, Free To Play, Massively Multiplayer, RPG, Early Access
[412/9863] Middle-earth™: Shadow of War™ — verified — Action, Adventure, RPG
[413/9863] Elite Dangerous — playable — Action, Adventure, Massively Multiplayer, RPG, Simulation, Strategy
[414/9863] Tom Clancy's Rainbow Six Siege — unsupported — Action, Free To Play
[415/9863] Mafia III: Definitive Edition — unsupported — Action, Adventure
[416/9863] Heaven Forest NIGHTS — playable — Action, Adventure
[417/9863] ASTRONEER — playable — Adventure, Indie
[418/9863] Black Mesa — playable — Action, Adventure, Indie
[419/9863] Clicker Heroes — unsupported — Adventure, Casual, Indie, RPG, Simulation, Strategy, Free To Play
[420/9863] Total War: WARHAMMER — playable — Action, Strategy
[421/9863] The Elder Scrolls®: Legends™ — verified — Free To Play
[422/9863] Hacknet — unsupported — Indie, Simulation
[423/9863] Tom Clancy’s The Division™ — playable — Action, Adventure, RPG
[424/9863] Blender — unsupported — Animation & Modeling, Design & Illustration, Video Production
[425/9863] Dragon's Dogma: Dark Arisen — verified — Action, Adventure, RPG
[426/9863] Kingdom: Classic — verified — Indie, Simulation, Strategy
[427/9863] Marvel's Midnight Suns — playable — RPG, Strategy
[428/9863] Assassin's Creed® Syndicate — unsupported — Action, Adventure
[429/9863] Kathy Rain — playable — Adventure, Indie
[430/9863] Tree of Savior (English Ver.) — unsupported — Massively Multiplayer, RPG, Free To Play
[431/9863] Divinity: Original Sin - Enhanced Edition — verified — Adventure, Indie, RPG, Strategy
[432/9863] Portal Knights — playable — Action, Adventure, RPG
[433/9863] Thunder Tier One — unsupported — Action, Simulation, Free To Play
[434/9863] The Surge — playable — Action, RPG
[435/9863] Kingdom Come: Deliverance — playable — Action, Adventure, RPG
[436/9863] DOOM — verified — Action
[437/9863] Fishing Planet — playable — Massively Multiplayer, Simulation, Sports, Free To Play
[438/9863] Dead by Daylight — verified — Action
[439/9863] Dead Island Definitive Edition — playable — Action
[440/9863] Firewatch — verified — Adventure, Indie
[441/9863] Crossout — verified — Action, Adventure, Massively Multiplayer, Racing, Free To Play
[442/9863] SMITE® — unsupported — Action, Adventure, Casual, Indie, Massively Multiplayer, RPG, Simulation, Strategy, Free To Play
[443/9863] Ultimate Chicken Horse — verified — Action, Casual, Indie
[444/9863] Ori and the Blind Forest: Definitive Edition — verified — Action
[445/9863] Scrap Mechanic — playable — Action, Adventure, Indie, Simulation, Early Access
[446/9863] Darksiders II Deathinitive Edition — verified — Action, Adventure, RPG
[447/9863] Knight Online — unsupported — Action, Adventure, Free To Play, Massively Multiplayer, RPG
[448/9863] Mitos.is: The Game — playable — Casual, Simulation, Free To Play
[449/9863] TEKKEN 7 — playable — Action, Sports
[450/9863] Rise of the Tomb Raider™ — playable — Action, Adventure
[451/9863] WARMODE — unsupported — Action, Free To Play
[452/9863] Undertale — playable — Indie, RPG
[453/9863] Layers of Fear (2016) — playable — Adventure, Indie
[454/9863] ENDLESS™ Space 2 — playable — Strategy
[455/9863] X4: Foundations — verified — Action, Simulation, Strategy
[456/9863] Squad — playable — Action, Indie, Massively Multiplayer, Strategy
[457/9863] HELLDIVERS™ Dive Harder Edition — playable — Action
[458/9863] DISTRAINT: Deluxe Edition — verified — Adventure, Casual, Indie
[459/9863] Borderlands 3 — playable — Action, RPG
[460/9863] Business Tour - Board Game with Online Multiplayer — verified — Adventure, Casual, Indie, Massively Multiplayer, Simulation, Strategy, Free To Play
[461/9863] Dishonored 2 — playable — Action
[462/9863] ARK: The Survival Of The Fittest — unknown — Action, Adventure, Indie, Massively Multiplayer, RPG, Strategy
[463/9863] BioShock™ Remastered — playable — Action, RPG
[464/9863] BioShock™ 2 Remastered — playable — Action, RPG
[465/9863] EARTH DEFENSE FORCE 4.1 The Shadow of New Despair — playable — Action
[466/9863] DDNet — playable — Action, Indie, Free To Play
[467/9863] Hellblade: Senua's Sacrifice — verified — Action, Adventure, Indie
[468/9863] Outlast 2 — playable — Action, Adventure, Indie
[469/9863] Emily is Away — unknown — Adventure, Casual, Free To Play, Indie, Simulation
[470/9863] Street Warriors Online — unknown — Action, Massively Multiplayer, Simulation, Sports
[471/9863] Turbo Pug — playable — Casual, Indie
[472/9863] Rising Storm 2: Vietnam — playable — Action, Massively Multiplayer, Simulation, Strategy
[473/9863] Iron Snout — playable — Action, Indie, Free To Play
[474/9863] Wolcen: Lords of Mayhem — playable — Action, Adventure, Indie, RPG
[475/9863] Little Nightmares — verified — Adventure
[476/9863] Orcs Must Die! Unchained — unsupported — Action, Free To Play, Strategy
[477/9863] Who's Your Daddy?! — verified — Action, Casual, Indie
[478/9863] Golf With Your Friends — verified — Casual, Indie, Sports
[479/9863] Aseprite — unsupported — Animation & Modeling, Design & Illustration, Game Development
[480/9863] Wallpaper Engine — unsupported — Casual, Indie, Animation & Modeling, Design & Illustration, Photo Editing, Utilities
[481/9863] Slime Rancher — playable — Action, Adventure, Indie, Simulation
[482/9863] Z1 Battle Royale — unsupported — Action, Adventure, Free To Play, Massively Multiplayer
[483/9863] Lost Castle / 失落城堡 — playable — Action, Adventure, Indie, RPG
[484/9863] Divinity: Original Sin 2 - Definitive Edition — verified — Adventure, RPG, Strategy
[485/9863] Governor of Poker 3 — playable — Casual, Massively Multiplayer, Simulation, Free To Play
[486/9863] Line of Sight — unsupported — Action, Free To Play, Indie, Massively Multiplayer
[487/9863] Party Jousting — playable — Casual, Indie, Sports
[488/9863] Shakes and Fidget — playable — Adventure, Casual, Indie, Massively Multiplayer, RPG, Strategy, Free To Play
[489/9863] VRChat — verified — Adventure, Casual, Massively Multiplayer, Simulation, Sports, Free To Play, Early Access
[490/9863] Friday the 13th: The Game — unsupported — Action
[491/9863] Stories: The Path of Destinies — verified — Action, Adventure, Indie, RPG
[492/9863] Z1 Battle Royale: Test Server — unsupported — Massively Multiplayer
[493/9863] Conan Exiles — unsupported — Action, Adventure, Massively Multiplayer, RPG, Simulation, Strategy
[494/9863] Riders of Icarus — unsupported — Adventure, Massively Multiplayer, RPG, Free To Play
[495/9863] Armored Warfare — playable — Action, Massively Multiplayer, Simulation, Free To Play
[496/9863] Paladins® — unsupported — Action, Adventure, Massively Multiplayer, Strategy, Free To Play
[497/9863] World of Tanks Blitz — playable — Action, Massively Multiplayer, Simulation, Strategy, Free To Play
[498/9863] Bloons TD Battles — playable — Action, Strategy, Free To Play
[499/9863] Transport Fever — playable — Simulation
[500/9863] Farming Simulator 17 — playable — Simulation
[501/9863] Watch_Dogs® 2 — unsupported — Action, Adventure
[502/9863] Day of Infamy — playable — Action, Indie, Strategy
[503/9863] Overcooked — verified — Action, Casual, Indie, Simulation
[504/9863] The Lab — unsupported — Free To Play
[505/9863] Shadowverse CCG — playable — Strategy, Free To Play
[506/9863] DRAGON BALL XENOVERSE 2 — unsupported — Action, Adventure, Casual, Massively Multiplayer
[507/9863] Crush Crush — playable — Casual, Indie, Free To Play
[508/9863] Bayonetta — verified — Action, Adventure
[509/9863] Steep™ — playable — Action, Sports
[510/9863] Tom Clancy's Ghost Recon® Wildlands — playable — Action, Adventure
[511/9863] Katana ZERO — verified — Action, Indie
[512/9863] Darksiders Warmastered Edition — verified — Action, Adventure, RPG
[513/9863] Surviving Mars — unsupported — Simulation, Strategy
[514/9863] Deceit — playable — Action, Indie, Free To Play
[515/9863] Northgard: Definitive Edition — playable — Adventure, Indie, Simulation, Strategy
[516/9863] UNO — playable — Casual
[517/9863] Rec Room — playable — Adventure, Casual, Massively Multiplayer, Free To Play
[518/9863] Quantum Break — playable — Action
[519/9863] Titan Quest Anniversary Edition — unsupported — Action, RPG
[520/9863] Beholder — verified — Adventure, Indie, Strategy
[521/9863] Heaven Forest - VR MMO — unknown — Adventure, Massively Multiplayer
[522/9863] Call of Duty®: WWII — playable — Action
[523/9863] Human Fall Flat — verified — Adventure, Casual, Indie, Simulation
[524/9863] Football Manager 2017 — playable — Simulation, Sports
[525/9863] Nioh: Complete Edition — unsupported — Action, RPG
[526/9863] Freebie — unsupported — Casual, Indie
[527/9863] South Park™: The Fractured But Whole™ — verified — RPG
[528/9863] Orwell: Keeping an Eye On You — playable — Adventure, Indie, Simulation
[529/9863] Tropico 6 — playable — Simulation, Strategy
[530/9863] Planet Coaster — playable — Action, Adventure, Casual, Simulation, Strategy
[531/9863] GTFO — playable — Action
[532/9863] State of Decay 2: Juggernaut Edition — playable — Action, RPG, Simulation
[533/9863] ACE COMBAT™ 7: SKIES UNKNOWN — verified — Action, Simulation
[534/9863] Celeste — verified — Action, Adventure, Indie
[535/9863] Battlerite — playable — Action, Free To Play
[536/9863] Last Man Standing — unknown — Action, Adventure, Free To Play, Indie, Massively Multiplayer, Strategy
[537/9863] Totally Accurate Battle Simulator — verified — Indie, Simulation, Strategy
[538/9863] BIGFOOT — playable — Action, Adventure, Indie, Early Access
[539/9863] Evolvation — unknown — Action, Casual, Indie, Simulation
[540/9863] Glass Masquerade — playable — Casual, Indie
[541/9863] SCUM — unsupported — Action, Adventure, Indie, Massively Multiplayer
[542/9863] theHunter: Call of the Wild™ — unsupported — Adventure, Simulation, Sports
[543/9863] DUSK — verified — Action, Indie
[544/9863] NieR:Automata™ — playable — Action, RPG
[545/9863] For The King — playable — Adventure, Indie, RPG, Strategy
[546/9863] Warhammer 40,000: Inquisitor - Martyr — playable — Action, Adventure, Indie, RPG
[547/9863] Victoria 3 — playable — Simulation, Strategy
[548/9863] Argo — unsupported — Action, Free To Play
[549/9863] Life is Strange 2 — verified — Adventure
[550/9863] Dying Light 2 Stay Human: Reloaded Edition — verified — Action, Adventure, RPG
[551/9863] Two Point Hospital — playable — Indie, Simulation
[553/9863] Catan Universe — playable — Casual, Strategy
[554/9863] SOULCALIBUR VI — playable — Action
[555/9863] KARDS - The WW2 Card Game — unsupported — Casual, Indie, Strategy, Free To Play
[556/9863] Black Squad — unsupported — Action, Free To Play
[557/9863] Metin2 — unknown — Action, Adventure, Free To Play, Massively Multiplayer, RPG
[558/9863] Brick Rigs — verified — Simulation
[559/9863] Warhammer: Vermintide 2 — unsupported — Action, Indie, RPG
[560/9863] Far Cry® 5 — playable — Action, Adventure
[561/9863] World of Warships — playable — Action, Massively Multiplayer, Simulation, Strategy, Free To Play
[562/9863] Life is Strange: Before the Storm — playable — Action, Adventure
[563/9863] Infestation: The New Z — unsupported — Action, Indie, Massively Multiplayer, RPG, Free To Play
[564/9863] Pillars of Eternity II: Deadfire — playable — RPG
[565/9863] Lobotomy Corporation | Monster Management Simulation — playable — Indie, Simulation
[566/9863] Kingdoms and Castles — verified — Indie, Simulation, Strategy
[567/9863] Insurgency: Sandstorm — playable — Action
[568/9863] Assassin's Creed® Origins — playable — Action, Adventure, RPG
[569/9863] We Were Here — playable — Action, Adventure, Indie, Free To Play
[570/9863] Black Desert — unsupported — Action, Adventure, Massively Multiplayer, RPG, Strategy
[571/9863] Artifact — playable — Strategy
[572/9863] Trailmakers — playable — Action, Adventure, Indie, Racing, Simulation
[573/9863] Minimalism — playable — Action, Adventure, Casual, Indie
[574/9863] Fallout Shelter — verified — RPG, Simulation, Free To Play
[575/9863] Total War: WARHAMMER II — playable — Action, Strategy
[576/9863] Hunt: Showdown 1896 — playable — Action
[577/9863] Graveyard Keeper — playable — Adventure, Indie, RPG, Simulation
[578/9863] Devil May Cry 5 — verified — Action
[579/9863] The Evil Within 2 — verified — Action, Adventure
[580/9863] Yu-Gi-Oh! Duel Links — verified — Strategy, Free To Play
[581/9863] Barotrauma — playable — Action, Indie, Simulation, Strategy
[582/9863] Age of History II — playable — Strategy
[583/9863] Moonlighter — verified — Action, Adventure, Indie
[584/9863] Darksiders III — playable — Action, Adventure, RPG
[585/9863] Quake Champions — playable — Action, Free To Play
[586/9863] Wolfenstein II: The New Colossus — verified — Action
[587/9863] Secret in Story — unknown — Adventure, Indie
[588/9863] House Flipper — verified — Indie, Simulation
[589/9863] Remnant: From the Ashes — verified — Action, Adventure, RPG
[590/9863] Beat Saber — unsupported — Indie
[591/9863] PC Building Simulator — verified — Indie, Simulation
[592/9863] Idle Champions of the Forgotten Realms — verified — Action, Adventure, Indie, Strategy, Free To Play
[593/9863] Soundpad — unsupported — Audio Production, Utilities
[594/9863] Blade and Sorcery — unsupported — Action, Adventure, Indie, RPG, Simulation
[595/9863] MORDHAU — playable — Action, Indie
[596/9863] SoulWorker - Anime Action MMO — unsupported — Action, Free To Play, Massively Multiplayer, RPG
[597/9863] NARUTO TO BORUTO: SHINOBI STRIKER — unsupported — Action
[598/9863] CarX Drift Racing Online — verified — Massively Multiplayer, Racing, Simulation, Sports
[599/9863] Ravenfield — playable — Action, Indie, Early Access
[600/9863] BATTLETECH — playable — Action, Adventure, Strategy
[601/9863] FINAL FANTASY XV WINDOWS EDITION — verified — RPG
[602/9863] Murderous Pursuits — unknown — Action, Indie, Simulation, Strategy
[603/9863] Yakuza 0 — verified — Action, Adventure, RPG
[604/9863] The LEGO® NINJAGO® Movie Video Game — verified — Action
[605/9863] Pathfinder: Kingmaker — Enhanced Plus Edition — playable — Adventure, RPG
[606/9863] The Escapists 2 — playable — Indie, Simulation, Strategy
[607/9863] Mirror — playable — Adventure, Indie, RPG
[608/9863] They Are Billions — playable — Strategy
[609/9863] Car Mechanic Simulator 2018 — playable — Racing, Simulation
[610/9863] Slay the Spire — verified — Indie, Strategy
[611/9863] The Crew™ 2 — unsupported — Action, Massively Multiplayer, Racing
[612/9863] Jurassic World Evolution — verified — Simulation, Strategy
[613/9863] Raft — playable — Adventure, Indie, Simulation
[614/9863] Hand Simulator — playable — Simulation
[615/9863] CS2D — unknown — Action, Casual, Indie, Free To Play
[616/9863] Atomic Heart — verified — Action, Adventure, RPG
[617/9863] BattleBit Remastered — playable — Action, Massively Multiplayer, Early Access
[618/9863] AMID EVIL — verified — Action, Adventure, Indie
[619/9863] Farm Together — verified — Casual, Indie, Simulation
[620/9863] World War 3 — unsupported — Action, Free To Play
[621/9863] Stick Fight: The Game — verified — Action, Casual, Indie
[622/9863] MudRunner — verified — Simulation
[623/9863] Splitgate — unsupported — Action, Free To Play, Indie
[624/9863] DRAGON BALL FighterZ — unsupported — Action
[625/9863] CODE VEIN — playable — Action, RPG
[626/9863] OUTRIDERS — playable — Action, Adventure, RPG
[627/9863] Bless Online — unknown — Action, Adventure, Free To Play, Massively Multiplayer, RPG
[628/9863] GRIS — verified — Adventure, Indie
[629/9863] Hell Let Loose — playable — Action, Indie, Massively Multiplayer, Simulation, Strategy
[630/9863] DiRT Rally 2.0 — unsupported — Racing, Simulation, Sports
[631/9863] Bloodstained: Ritual of the Night — playable — Action, Adventure, RPG
[632/9863] Doki Doki Literature Club! — playable — Casual, Free To Play, Indie
[633/9863] World War Z — unsupported — Action
[634/9863] SCP: Secret Laboratory — playable — Action, Casual, Indie, RPG, Free To Play
[635/9863] Kingdom Two Crowns — verified — Adventure, Indie, Simulation, Strategy
[636/9863] Planet Zoo — playable — Casual, Simulation, Strategy
[637/9863] Generation Zero® — verified — Action, Adventure
[638/9863] Thief Simulator — playable — Action, Adventure, Indie, Simulation
[639/9863] BLOCKPOST LEGACY — unknown — Action, Indie, Free To Play
[640/9863] Squad 44 — unsupported — Action, Indie, Massively Multiplayer, Strategy
[641/9863] Operation: Harsh Doorstop — playable — Action, Casual, Indie, Simulation, Strategy, Free To Play, Early Access
[642/9863] Freddy Fazbear's Pizzeria Simulator — playable — Free To Play, Indie, Simulation
[643/9863] Phasmophobia — unsupported — Action, Indie, Early Access
[644/9863] Tales of ARISE — verified — Action, RPG
[645/9863] Dead Frontier 2 — playable — Action, Indie, Massively Multiplayer, RPG, Free To Play
[646/9863] Five Nights at Freddy's: Security Breach — verified — Action, Adventure, Indie
[647/9863] Shadow of the Tomb Raider: Definitive Edition — playable — Action, Adventure
[648/9863] A Plague Tale: Innocence — playable — Action, Adventure
[649/9863] Ring of Elysium — unsupported — Action, Free To Play, Massively Multiplayer
[650/9863] Vampire: The Masquerade - Bloodhunt — playable — Action, Free To Play
[651/9863] Albion Online — playable — Massively Multiplayer, RPG, Free To Play
[652/9863] Russian Fishing 4 — playable — Adventure, Casual, Massively Multiplayer, RPG, Simulation, Sports, Free To Play
[653/9863] War Robots — verified — Action, Free To Play
[654/9863] SCARLET NEXUS — verified — Action, Adventure, RPG
[655/9863] Total War: THREE KINGDOMS — unsupported — Action, Strategy
[656/9863] The Riftbreaker — playable — Action, Adventure, Indie, RPG, Simulation, Strategy
[657/9863] DOOM Eternal — playable — Action
[658/9863] Ironsight — playable — Action, Free To Play
[659/9863] Farming Simulator 19 — playable — Simulation
[660/9863] Neon Abyss — verified — Action, Adventure, Indie, RPG
[661/9863] Outward Definitive Edition — verified — RPG
[662/9863] Radical Heights — unknown — Action, Adventure, Free To Play, Indie, Massively Multiplayer, Early Access
[663/9863] Assassin's Creed® Odyssey — playable — Action, Adventure, RPG
[664/9863] Age of Empires II: Definitive Edition — playable — Strategy
[665/9863] Realm Royale Reforged — unsupported — Action, Free To Play, Early Access
[666/9863] Green Hell — verified — Action, Adventure, Indie, Simulation
[667/9863] JUMP FORCE — unsupported — Action
[668/9863] Totally Accurate Battlegrounds — playable — Action, Indie, Free To Play
[669/9863] BONEWORKS — unsupported — Action, Adventure, Indie, Simulation
[670/9863] ATLAS — unsupported — Action, Adventure, Massively Multiplayer, RPG, Early Access
[671/9863] Untitled Goose Game — verified — Action, Indie
[672/9863] The Scroll Of Taiwu — playable — Adventure, Casual, Indie, RPG, Strategy, Early Access
[673/9863] NBA 2K19 — verified — Simulation, Sports
[674/9863] Super Animal Royale — playable — Action, Adventure, Casual, Indie, Massively Multiplayer, Free To Play
[675/9863] KurtzPel — unsupported — Action, Free To Play, Early Access
[676/9863] The Awesome Adventures of Captain Spirit — verified — Adventure, Free To Play
[677/9863] DRAGON BALL Z: KAKAROT — verified — Action, RPG
[678/9863] Tribes of Midgard — verified — Action, Adventure, Indie, RPG
[679/9863] HITMAN™ 2 — verified — Action
[680/9863] The Cycle: Frontier — unsupported — Action, Free To Play, Massively Multiplayer
[681/9863] Control Ultimate Edition — verified — Action, Adventure
[682/9863] Ultimate Custom Night — unsupported — Action, Free To Play, Indie
[683/9863] Football Manager 2019 — playable — Simulation, Sports
[684/9863] Pummel Party — playable — Action, Casual, Indie
[685/9863] Granblue Fantasy: Relink — playable — Action, Adventure, RPG
[686/9863] Noita — verified — Action, Adventure, Indie, RPG, Simulation
[687/9863] CRSED: Cuisine Royale — unsupported — Action, Massively Multiplayer, Free To Play
[688/9863] Creative Destruction — unsupported — Action, Adventure, Casual, Massively Multiplayer
[689/9863] GOD EATER 3 — playable — Action
[690/9863] Last Epoch — verified — Action, Adventure, Indie, RPG
[691/9863] The Elder Scrolls IV: Oblivion® Game of the Year Edition Deluxe (2009) — playable — 
[692/9863] Grand Theft Auto IV: Complete Edition — playable — Action, Adventure
[693/9863] Conqueror's Blade — playable — Action, Massively Multiplayer, Strategy, Free To Play
[694/9863] Century: Age of Ashes — unsupported — Action, Indie, Racing, Free To Play
[695/9863] LEGO® Star Wars™: The Skywalker Saga — verified — Action, Adventure
[696/9863] 音灵 INVAXION — unsupported — Casual, Indie, Racing
[697/9863] Back 4 Blood — playable — Action
[698/9863] Age of Empires III: Definitive Edition — playable — Strategy, Free To Play
[699/9863] Far Cry® New Dawn — playable — Action, Adventure
[700/9863] Unheard - Voices of Crime — playable — Indie, RPG, Simulation
[701/9863] Cities: Skylines II — unsupported — Simulation
[702/9863] Resident Evil 3 — playable — Action
[703/9863] Bright Memory — unsupported — Action, Adventure, Indie
[704/9863] Predecessor — playable — Action, Indie, Massively Multiplayer, RPG, Strategy, Free To Play
[705/9863] Grounded — verified — Action, Adventure
[706/9863] Pacify — verified — Action, Adventure, Casual, Indie, Strategy
[707/9863] Spiritfarer®: Farewell Edition — verified — Adventure, Indie, Simulation
[708/9863] Dwarf Fortress — playable — Indie, Simulation, Strategy
[709/9863] Mortal Kombat 11 — verified — Action
[710/9863] Halo: The Master Chief Collection — playable — Action
[711/9863] A Dance of Fire and Ice — verified — Indie
[712/9863] The Ascent — playable — Action, Adventure, Indie, RPG
[713/9863] Lossless Scaling — unsupported — Utilities
[714/9863] Spyro™ Reignited Trilogy — verified — Action, Adventure
[715/9863] Unrailed! — verified — Action, Casual, Indie
[716/9863] The Long Drive — playable — Action, Adventure, Casual, Indie, Simulation, Early Access
[717/9863] Sniper Elite 5 — playable — Action, Adventure
[718/9863] Mafia II: Definitive Edition — playable — Action, Adventure
[719/9863] Mafia: Definitive Edition — playable — Action, Adventure
[720/9863] Farthest Frontier — playable — Indie, Simulation, Strategy
[721/9863] Dota Underlords — verified — Casual, Strategy, Free To Play
[722/9863] Superliminal — verified — Action, Adventure
[723/9863] Eternal Return — playable — Indie, Strategy, Free To Play
[724/9863] Phantasy Star Online 2 New Genesis — unsupported — Action, Massively Multiplayer, RPG, Free To Play
[725/9863] Wolfenstein: Youngblood — playable — Action
[726/9863] Crucible Beta — unknown — Action, Free To Play
[727/9863] STAR WARS™ Battlefront (Classic, 2004) — playable — Action
[728/9863] Metal: Hellsinger — playable — Action, Adventure
[729/9863] ONE PIECE: PIRATE WARRIORS 4 — verified — Action
[730/9863] NBA 2K20 — verified — Simulation, Sports
[731/9863] The Henry Stickmin Collection — verified — Adventure, Casual, Indie
[732/9863] Inscryption — playable — Adventure, Indie, Strategy
[733/9863] Sands of Salzaar — playable — Adventure, Indie, RPG, Strategy
[734/9863] Fall Guys — playable — Action, Casual, Indie, Massively Multiplayer, Sports
[735/9863] CyberCorp — playable — Action, Adventure, Indie, RPG
[736/9863] People Playground — playable — Action, Casual, Indie, Simulation
[737/9863] RISK: Global Domination — playable — Casual, Strategy, Free To Play
[738/9863] Medieval Dynasty — playable — Action, Adventure, Indie, RPG, Simulation
[739/9863] Ghostrunner — playable — Action
[740/9863] Total War: WARHAMMER III — unsupported — Action, Strategy
[741/9863] Hades II — verified — Action, Indie, RPG
[742/9863] Not For Broadcast — playable — Adventure, Indie, Simulation
[743/9863] Skul: The Hero Slayer — unsupported — Action, Indie
[744/9863] Fallout 76 — playable — RPG
[745/9863] Horizon Zero Dawn™ Complete Edition — verified — Action, Adventure, RPG
[746/9863] Teardown — verified — Action, Indie, Simulation, Strategy
[747/9863] Sea of Thieves: 2025 Edition — verified — Action, Adventure
[748/9863] Bright Memory: Infinite — verified — Action, Indie
[749/9863] Pathfinder: Wrath of the Righteous - Enhanced Edition — playable — Action, Adventure, Indie, RPG, Strategy
[750/9863] Car Mechanic Simulator 2021 — verified — Racing, Simulation
[751/9863] Resident Evil Village — verified — Action
[752/9863] Enshrouded — unsupported — Action, Adventure, Indie, RPG, Early Access
[753/9863] Wobbly Life — verified — Action, Adventure, Casual, Indie, Simulation
[754/9863] Command & Conquer™ Remastered Collection — playable — Strategy
[755/9863] Gunfire Reborn — verified — Action, Adventure, Indie, RPG
[756/9863] Detroit: Become Human — verified — Action, Adventure
[757/9863] The Sims™ 4 — playable — Adventure, Casual, Simulation, Free To Play
[758/9863] Need for Speed™ Heat — playable — Action, Adventure, Racing, Sports
[759/9863] A Way Out — playable — Action, Adventure, Indie
[760/9863] NBA 2K21 — verified — Simulation, Sports
[761/9863] ULTRAKILL — verified — Action, Indie, Early Access
[762/9863] STAR WARS™ Battlefront™ II — unsupported — Action, Adventure
[763/9863] Titanfall® 2 — playable — Action
[764/9863] Battlefield™ V — unsupported — Action
[765/9863] Battlefield 3™ — unsupported — Action
[766/9863] Battlefield™ 1 — unsupported — Action, Massively Multiplayer
[767/9863] Halo Infinite — playable — Action, Free To Play
[768/9863] POLYGON — playable — Action, Indie, Massively Multiplayer, Free To Play, Early Access
[769/9863] Farming Simulator 22 — playable — Simulation
[770/9863] Microsoft Flight Simulator (2020) 40th Anniversary Edition — playable — Simulation
[771/9863] Bless Unleashed — unsupported — Action, Massively Multiplayer, RPG, Free To Play
[772/9863] Days Gone — verified — Action, Adventure
[773/9863] Party Animals — verified — Action, Casual, Indie
[774/9863] SIGNALIS — verified — Action, Adventure, Indie
[775/9863] Need for Speed™ Payback — unsupported — Action, Adventure, Racing, Sports, Strategy
[776/9863] Football Manager 2021 — playable — Simulation, Sports
[777/9863] Strobophagia | Rave Horror — verified — Adventure, Indie
[778/9863] PAYDAY 3 — playable — Action, Adventure, RPG
[779/9863] DEVOUR — verified — Indie
[780/9863] Monster Hunter Stories 2: Wings of Ruin — verified — Adventure, RPG
[781/9863] REMNANT II® — unsupported — Action, Adventure, RPG
[782/9863] Loop Hero — playable — Indie, RPG, Strategy
[783/9863] The Planet Crafter — verified — Adventure
[784/9863] Guild Wars 2® — playable — Adventure, Massively Multiplayer, RPG, Free To Play
[785/9863] GWENT: The Witcher Card Game — unsupported — RPG, Strategy, Free To Play
[786/9863] Tiny Tina's Wonderlands — verified — Action, Adventure, RPG
[787/9863] STAR WARS™: The Old Republic™ — playable — Massively Multiplayer, RPG, Free To Play
[788/9863] Helltaker — playable — Adventure, Free To Play, Indie
[789/9863] PowerWash Simulator — verified — Casual, Indie, Simulation
[790/9863] 暖雪 Warm Snow — playable — Action, Adventure, Indie, RPG
[791/9863] The Outlast Trials — verified — Action, Adventure, Indie
[792/9863] Craftopia — playable — Action, Adventure, Indie, RPG, Early Access
[793/9863] Cult of the Lamb — verified — Action, Adventure, Indie, Strategy
[794/9863] EA SPORTS™ FIFA 21 — playable — Simulation, Sports
[795/9863] Sons Of The Forest — unsupported — Action, Adventure, Indie, Simulation
[796/9863] Mass Effect™ Legendary Edition — playable — Action, RPG
[797/9863] Old School RuneScape — playable — Adventure, Massively Multiplayer, RPG, Free To Play
[798/9863] RuneScape ® — playable — Massively Multiplayer, RPG, Free To Play
[799/9863] Warhammer 40,000: Darktide — playable — Action, Adventure, RPG
[800/9863] Manor Lords — playable — Simulation, Strategy, Early Access
[801/9863] Dyson Sphere Program — playable — Indie, Simulation, Strategy, Early Access
[802/9863] Crosshair X — unsupported — Action, Adventure, Indie, Animation & Modeling, Design & Illustration, Education, Photo Editing, Utilities, Game Development
[803/9863] No Rest for the Wicked — verified — Action, Adventure, RPG, Early Access
[804/9863] The Day Before — unsupported — Action, Adventure, Massively Multiplayer, Early Access
[805/9863] Saving Grace — unknown — Action, Adventure, Indie, Strategy
[806/9863] GUILTY GEAR -STRIVE- — playable — Action
[807/9863] Cruelty Squad — unsupported — Action, Indie, Simulation
[808/9863] Spellbreak — unsupported — Action, Adventure, Free To Play, RPG
[809/9863] Red Dead Online — playable — Action, Adventure
[810/9863] Krunker — playable — Action, Casual
[811/9863] Cookie Clicker — playable — Casual, Indie, Simulation, Strategy
[812/9863] Age of Empires IV: Anniversary Edition — playable — Strategy
[813/9863] 鬼谷八荒 Tale of Immortal — playable — Action, Adventure, Indie, RPG, Simulation
[814/9863] Ghostwire: Tokyo — verified — Action
[815/9863] IdleOn — playable — Casual, Indie, Massively Multiplayer, RPG, Simulation, Free To Play
[816/9863] Draw & Guess — playable — Casual, Indie
[817/9863] War Robots: Frontiers — playable — Action, Simulation, Free To Play
[818/9863] FIFA 22 — playable — Simulation, Sports
[819/9863] The Past Within — verified — Adventure, Indie
[820/9863] Capcom Arcade Stadium — verified — Action, Free To Play
[821/9863] Soul Dossier — unsupported — Action, Adventure, Massively Multiplayer, RPG, Strategy, Free To Play
[822/9863] Orcs Must Die! 3 — verified — Action, Adventure, Indie, Strategy
[823/9863] Gorilla Tag — unsupported — Action, Casual
[824/9863] OpenTTD — playable — Casual, Indie, Simulation, Free To Play
[825/9863] ROUNDS — playable — Action, Indie
[826/9863] DREDGE — verified — Adventure, RPG
[827/9863] Football Manager 2022 — playable — Simulation, Sports
[828/9863] PlateUp! — verified — Action, Casual, Indie, Strategy
[829/9863] V Rising — verified — Action, Adventure, Massively Multiplayer
[830/9863] Warhammer 40,000: Chaos Gate - Daemonhunters — unsupported — RPG, Strategy
[831/9863] Heart of a Warrior — unknown — Action, Adventure, Indie, RPG
[832/9863] Core Keeper — verified — Action, Adventure, Indie, RPG, Simulation
[833/9863] Sabre Team — unknown — RPG, Strategy
[834/9863] S.T.A.L.K.E.R. 2: Heart of Chornobyl — unsupported — Action, Adventure, RPG
[835/9863] HITMAN World of Assassination — verified — Action, Adventure
[836/9863] eFootball™ — playable — Simulation, Sports, Free To Play
[837/9863] Deadlink — playable — Action, Indie
[838/9863] Stumble Guys — playable — Action, Casual, Indie, Massively Multiplayer, Racing, Free To Play
[839/9863] Persona 5 Royal — verified — RPG
[840/9863] Poppy Playtime — playable — Action, Adventure, Indie
[841/9863] Capcom Arcade 2nd Stadium — verified — Action, Free To Play
[842/9863] Kingdom Come: Deliverance II — playable — Action, Adventure, RPG
[843/9863] STAR WARS Jedi: Survivor™ — unsupported — Action, Adventure
[844/9863] TEKKEN 8 — playable — Action
[845/9863] Crab Game — playable — Action, Casual, Free To Play, Indie, Racing
[846/9863] DRAGON BALL: Sparking! ZERO — playable — Action
[847/9863] EA SPORTS™ FIFA 23 — unsupported — Simulation, Sports
[848/9863] MultiVersus — unsupported — Action, Free To Play
[849/9863] Chivalry 2 — playable — Action, Massively Multiplayer
[850/9863] Mirror 2: Project X — unsupported — Adventure, Indie, RPG, Early Access
[851/9863] Dragon Age™: The Veilguard — verified — Action, Adventure, RPG, Strategy
[852/9863] DEATH STRANDING DIRECTOR'S CUT — verified — Action, Adventure
[853/9863] DAVE THE DIVER — verified — Adventure, Casual, RPG, Simulation
[854/9863] ARMORED CORE™ VI FIRES OF RUBICON™ — playable — Action
[855/9863] Clair Obscur: Expedition 33 — verified — Action, RPG
[856/9863] Football Manager 2023 — verified — Simulation, Sports
[857/9863] Demonologist — playable — Action, Adventure, Indie
[858/9863] Escape the Backrooms — playable — Action, Indie
[859/9863] Inside the Backrooms — playable — Adventure, Indie, Early Access
[860/9863] Split Fiction — verified — Action, Adventure
[861/9863] Stormgate — playable — Action, Strategy, Free To Play
[862/9863] FPS Chess — unsupported — Action, Casual, Free To Play, Strategy
[863/9863] Tower of Fantasy — playable — Action, Massively Multiplayer, RPG, Free To Play
[864/9863] Crysis 3 Remastered — verified — Action
[865/9863] Warhammer 40,000: Space Marine 2 — playable — Action, Adventure, RPG
[866/9863] Warhammer 40,000: Rogue Trader — verified — Action, Adventure, Indie, RPG, Strategy
[867/9863] EA SPORTS FC™ 24 — unsupported — Simulation, Sports
[868/9863] Ghost of Tsushima DIRECTOR'S CUT — verified — Action, Adventure
[869/9863] Love Is All Around — playable — Adventure, Indie, RPG, Simulation, Strategy
[870/9863] Diablo® IV — verified — Action, RPG
[871/9863] Gray Zone Warfare — unsupported — Action, Massively Multiplayer, Simulation, Early Access
[872/9863] MiSide — playable — Adventure, Indie, RPG, Simulation
[873/9863] One-armed robber — playable — Action, Indie, Simulation, Strategy, Free To Play
[874/9863] KINGDOM HEARTS -HD 1.5+2.5 ReMIX- — verified — Action, Adventure, RPG
[875/9863] Astral Party  — playable — Casual, Indie, RPG, Strategy
[876/9863] ELDEN RING NIGHTREIGN — playable — Action, RPG
[877/9863] The Elder Scrolls IV: Oblivion Remastered — verified — RPG
[878/9863] EA SPORTS FC™ 25 — unsupported — Simulation, Sports
[879/9863] Supermarket Simulator — playable — Casual, Indie, Simulation
[880/9863] The First Berserker: Khazan — verified — Action, Adventure, RPG
[881/9863] Path of Exile 2 — playable — Action, Adventure, Massively Multiplayer, RPG, Early Access
[882/9863] Supermarket Together — playable — Casual, Indie, Simulation, Free To Play
[883/9863] Buckshot Roulette — playable — Action, Indie, Simulation
[884/9863] Content Warning — playable — Action, Adventure, Indie
[885/9863] TCG Card Shop Simulator — playable — Simulation, Early Access
[886/9863] Liar's Bar — playable — Casual, Indie, Simulation, Strategy, Early Access
[887/9863] Black Myth: Wukong Benchmark Tool — unknown — Free To Play, Utilities
[888/9863] WEBFISHING — unsupported — Casual, Indie, Massively Multiplayer
[889/9863] Schedule I — playable — Action, Indie, Simulation, Strategy, Early Access
[890/9863] Grand Theft Auto V Enhanced — unsupported — Action, Adventure, Racing
[891/9863] R.E.P.O. — playable — Action, Early Access
[892/9863] Team Fortress Classic — playable — Action
[893/9863] Red Orchestra: Ostfront 41-45 — unknown — Action
[894/9863] Uplink — playable — Indie, Strategy
[895/9863] Two Worlds Epic Edition — playable — RPG
[896/9863] Dark Messiah of Might & Magic — unknown — Action, RPG
[897/9863] DOOM II — verified — Action
[898/9863] Quake II — verified — Action
[899/9863] The Ship: Murder Party — playable — Action, Indie, RPG
[900/9863] RollerCoaster Tycoon® 3: Platinum — unsupported — Simulation, Strategy
[901/9863] FlatOut 2 — verified — Racing
[902/9863] Sniper Elite — playable — Action
[903/9863] Psychonauts — playable — Action
[904/9863] Sid Meier's Civilization® IV — playable — Strategy
[905/9863] Civilization IV®: Warlords — playable — Strategy
[906/9863] Warhammer® 40,000: Dawn of War® - Dark Crusade — playable — Strategy
[907/9863] STAR WARS™ Jedi Knight - Jedi Academy™ — unsupported — Action
[908/9863] STAR WARS™ Jedi Knight II - Jedi Outcast™ — unsupported — Action
[909/9863] Hitman: Codename 47 — playable — Action
[910/9863] Deus Ex: Invisible War — playable — Action
[911/9863] Thief: Deadly Shadows — playable — Action
[912/9863] X-Blades — unsupported — Nudity, Violent, Action, Adventure, RPG
[913/9863] Two Worlds II HD — unsupported — RPG
[914/9863] X-COM: UFO Defense — unsupported — Strategy
[915/9863] Tomb Raider: Anniversary — playable — Action, Adventure
[916/9863] RAGE — unsupported — Action
[917/9863] Supreme Commander — unsupported — Strategy
[918/9863] Supreme Commander: Forged Alliance — unsupported — Strategy
[919/9863] Warhammer® 40,000: Dawn of War® - Soulstorm — playable — Strategy
[920/9863] Champions Online — playable — Massively Multiplayer, RPG, Free To Play
[921/9863] Prototype™ — playable — Action, Adventure
[924/9863] Overlord II — playable — RPG
[925/9863] Operation Flashpoint: Dragon Rising — playable — Action
[926/9863] AudioSurf — playable — Indie
[927/9863] America's Army 3 — unsupported — Action
[928/9863] Unreal Tournament 3 — playable — Action
[929/9863] Unreal Tournament 2004: Editor's Choice Edition — playable — Action
[930/9863] Unreal Gold — unsupported — Action
[931/9863] F.E.A.R. 2: Project Origin — playable — Action
[932/9863] Sid Meier's Civilization IV: Colonization — playable — Strategy
[933/9863] GROUND BRANCH — playable — Action, Indie, Simulation, Early Access
[934/9863] Crysis Warhead® — unknown — Action
[935/9863] Need for Speed Undercover — playable — Action, Racing
[936/9863] Dragon Age: Origins — playable — RPG
[937/9863] Zombie Panic! Source — playable — Action, Adventure, Casual, Indie, Free To Play
[938/9863] Pirates Vikings & Knights II — playable — Action, Indie, Free To Play
[939/9863] Empires Mod — playable — Action, Free To Play, Strategy
[940/9863] Alice: Madness Returns — playable — Action, Adventure
[941/9863] Red Faction Guerrilla Steam Edition — verified — Action
[942/9863] S.T.A.L.K.E.R.: Clear Sky — unsupported — Action, RPG
[943/9863] Red Faction — playable — Action
[944/9863] Company of Heroes: Tales of Valor — playable — Strategy
[945/9863] LEGO® Batman™: The Videogame — verified — Action, Adventure
[946/9863] F.E.A.R. — playable — Action
[947/9863] F.E.A.R. 3 — playable — Action
[948/9863] F.E.A.R. — playable — Action
[949/9863] F.E.A.R. — playable — Action
[950/9863] LEGO® Harry Potter: Years 1-4 — verified — Action, Adventure
[951/9863] World of Goo — playable — Indie
[952/9863] Mount & Blade — playable — Indie, RPG
[953/9863] Fallout 3 — playable — RPG
[954/9863] BRINK — playable — Action, Free To Play
[955/9863] Worms Reloaded — playable — Strategy
[956/9863] Tropico 3 — playable — Simulation, Strategy
[957/9863] SPORE™ Galactic Adventures — playable — Action, Simulation
[958/9863] Burnout Paradise: The Ultimate Box — unsupported — Racing
[959/9863] Command & Conquer 3 Tiberium Wars™ — playable — Action, Strategy
[960/9863] Overgrowth — verified — Action, Indie
[961/9863] Kane & Lynch 2: Dog Days — playable — Action
[962/9863] Dark Sector — unsupported — Action
[963/9863] Puzzle Agent — verified — Action, Adventure, Casual
[964/9863] Poker Night at the Inventory (2010 Original Version) — playable — Casual, Sports
[965/9863] The Secret of Monkey Island: Special Edition — playable — Adventure
[966/9863] STAR WARS™ Jedi Knight: Dark Forces II — playable — Action
[967/9863] LEGO® Star Wars™ - The Complete Saga — verified — Adventure
[968/9863] STAR WARS™: The Force Unleashed™ II — unsupported — Action
[969/9863] Tom Clancy's Splinter Cell Conviction™ — playable — Action
[970/9863] Civilization IV®: Warlords — unknown — Strategy
[971/9863] Sniper: Ghost Warrior — unsupported — Action
[972/9863] Fallout 2: A Post Nuclear Role Playing Game — playable — RPG
[973/9863] Moonbase Alpha — playable — Adventure, Simulation, Strategy
[974/9863] Dungeon Siege — unsupported — RPG
[975/9863] Dungeon Siege II — unknown — RPG
[976/9863] Risen — playable — RPG
[977/9863] Risen 2: Dark Waters — playable — RPG
[978/9863] Machinarium — verified — Adventure, Indie
[979/9863] Stronghold Crusader HD (2012) — playable — Simulation, Strategy
[980/9863] S.T.A.L.K.E.R.: Call of Pripyat — playable — Action, RPG
[981/9863] Victoria II — playable — Strategy
[982/9863] Ultra Street Fighter® IV — unsupported — Action
[983/9863] Syberia — verified — Adventure, Casual
[984/9863] Syberia II — verified — Adventure
[985/9863] Dead Space™ 2 — playable — Action, Adventure
[986/9863] Might & Magic: Heroes VI — playable — RPG, Strategy
[987/9863] Anno 2070™ — playable — Strategy
[988/9863] Mount & Blade: With Fire & Sword — playable — Action, RPG
[989/9863] Beat Hazard — unknown — Action, Casual, Indie
[990/9863] Duke Nukem Forever — verified — Action
[991/9863] Wargame: European Escalation — unknown — Indie, Simulation, Strategy
[992/9863] Men of War: Assault Squad — playable — Strategy
[993/9863] Gothic 1 — unsupported — Action, RPG
[994/9863] Dino D-Day — playable — Action, Indie
[995/9863] Sonic Generations Collection — verified — Action
[996/9863] Universe Sandbox Legacy — unsupported — Casual, Indie, Simulation
[997/9863] Bejeweled® 3 — playable — Casual, Strategy
[998/9863] Anomaly: Warzone Earth — unsupported — Action, Indie, Strategy
[999/9863] Iron Front: Digital War Edition — unknown — Action, Simulation, Strategy
[1000/9863] Sanctum — playable — Action, Casual, Indie, Strategy
[1001/9863] SpaceChem — playable — Indie, Simulation
[1002/9863] ibb & obb — verified — Action, Adventure, Indie
[1003/9863] Section 8®: Prejudice™ — unsupported — Action
[1004/9863] Renegade Ops — unsupported — Action
[1005/9863] ORION: Prelude — unsupported — Action, Adventure, Indie, RPG
[1006/9863] Breath of Death VII — verified — Indie, RPG
[1007/9863] Cthulhu Saves the World — verified — Indie, RPG
[1008/9863] Prototype 2 — playable — Action, Adventure
[1009/9863] Owlboy — verified — Action, Adventure, Indie
[1010/9863] Realm of the Mad God Exalt — playable — Action, Adventure, Indie, Massively Multiplayer, RPG, Free To Play
[1011/9863] EverQuest II — playable — Massively Multiplayer, RPG, Free To Play
[1012/9863] Assassin's Creed® Revelations — playable — Action, Adventure
[1013/9863] Warlock - Master of the Arcane — unsupported — Strategy
[1014/9863] Binary Domain — playable — Action
[1015/9863] Fable - The Lost Chapters — playable — Action, Adventure, RPG
[1016/9863] Superbrothers: Sword & Sworcery EP — verified — Adventure, Indie
[1017/9863] Hell Yeah! Wrath of the Dead Rabbit — unsupported — Action
[1018/9863] EverQuest — unsupported — Massively Multiplayer, RPG, Free To Play
[1019/9863] Jet Set Radio — playable — Action
[1020/9863] Gunpoint — playable — Action, Indie, Strategy
[1021/9863] Gotham City Impostors Free to Play — unsupported — Action, Free To Play
[1022/9863] Legend of Grimrock — unsupported — Adventure, Indie, RPG
[1023/9863] DOOM 3 — unsupported — Action
[1024/9863] Assassin’s Creed® III — playable — Adventure
[1025/9863] Call of Duty®: Advanced Warfare - Gold Edition — unsupported — Action
[1026/9863] Cortex Command — unsupported — Action, Indie, Strategy
[1027/9863] The Witness — playable — Adventure, Indie
[1028/9863] Viking: Battle for Asgard — playable — Action, Adventure
[1029/9863] DARK SOULS™: Prepare To Die™ Edition — unsupported — Action, RPG
[1030/9863] Thief Gold — unsupported — Action, Simulation
[1031/9863] Mabinogi — unsupported — Action, Adventure, Casual, Massively Multiplayer, RPG, Simulation, Free To Play
[1032/9863] Continent of the Ninth Seal — unsupported — Action, Massively Multiplayer, RPG, Free To Play
[1033/9863] Sonic & All-Stars Racing Transformed Collection — verified — Racing, Sports
[1034/9863] TERA - Action MMORPG — playable — Action, Adventure, Free To Play, Massively Multiplayer, RPG
[1035/9863] Super Crate Box — playable — Action, Indie, Free To Play
[1036/9863] Sonic Adventure 2 — playable — Action
[1037/9863] Divine Divinity — unsupported — RPG
[1038/9863] Deponia — verified — Adventure, Indie
[1039/9863] LEGO® The Lord of the Rings™ — verified — Action, Adventure
[1041/9863] The Incredible Adventures of Van Helsing — unsupported — Action, Adventure, Indie, RPG
[1042/9863] Dream Pinball 3D — unsupported — Casual, Simulation
[1043/9863] Closers — unsupported — Action, Massively Multiplayer, RPG, Free To Play
[1044/9863] Worms Armageddon — verified — Strategy
[1045/9863] Age of Conan: Unchained — unsupported — Action, Adventure, Free To Play, Massively Multiplayer, RPG
[1046/9863] Alien Rage - Unlimited — playable — Action
[1047/9863] Lucius — playable — Action, Adventure, Indie
[1048/9863] Scribblenauts Unlimited — playable — Adventure, Casual, Strategy
[1049/9863] King Arthur's Gold — playable — Action, Indie, Free To Play
[1050/9863] Antichamber — playable — Adventure, Indie
[1051/9863] Super Hexagon — verified — Action, Indie
[1052/9863] Rocksmith® 2014 Edition REMASTERED LEARN & PLAY — unsupported — Casual, Simulation
[1053/9863] Resident Evil Revelations — verified — Action, Adventure
[1054/9863] Reus — playable — Indie, Simulation, Strategy
[1055/9863] Homefront®: The Revolution — unsupported — Action, Adventure
[1056/9863] Xenonauts — unsupported — Indie, Simulation, Strategy
[1057/9863] 3DMark — unsupported — Utilities
[1058/9863] Octodad: Dadliest Catch — verified — Action, Adventure, Indie
[1059/9863] Cities in Motion 2 — playable — Simulation, Strategy
[1060/9863] Sven Co-op — playable — Action, Casual, Indie, Free To Play
[1061/9863] Infestation: The New Beginning — unknown — Action, Indie, Massively Multiplayer, RPG, Free To Play
[1062/9863] Galactic Civilizations III — playable — Strategy
[1063/9863] Remember Me — playable — Action, Adventure
[1064/9863] Divinity: Original Sin (Classic) — playable — Adventure, Indie, RPG, Strategy
[1065/9863] Universe Sandbox — playable — Casual, Indie, Simulation, Early Access
[1066/9863] Euro Truck Simulator — playable — Indie, Simulation
[1067/9863] Far Cry 3 - Blood Dragon — playable — Action, Adventure
[1068/9863] Murdered: Soul Suspect — verified — Action, Adventure, RPG
[1069/9863] MARVEL Puzzle Quest — playable — Casual, RPG, Strategy, Free To Play
[1070/9863] Project CARS — playable — Racing, Simulation, Sports
[1071/9863] NARUTO SHIPPUDEN: Ultimate Ninja STORM 3 Full Burst HD — playable — Action, Adventure
[1072/9863] Poker Night 2 — playable — Casual, Sports
[1073/9863] Prime World — unknown — Action, Free To Play, Massively Multiplayer, RPG
[1074/9863] Warhammer: End Times - Vermintide — playable — Action, Indie
[1075/9863] Dust: An Elysian Tail — verified — Action, Adventure, Indie, RPG
[1076/9863] Starpoint Gemini 2 — unknown — Action, RPG, Simulation
[1077/9863] Blood Bowl 2 — playable — Sports, Strategy
[1079/9863] Dreamfall Chapters — playable — Adventure, Indie
[1080/9863] The Banner Saga — verified — Indie, RPG, Strategy
[1081/9863] Pinball Arcade — unsupported — Free To Play, Simulation
[1082/9863] Contagion — verified — Action, Adventure, Indie
[1083/9863] Hammerwatch — playable — Action, Adventure, Indie, RPG
[1084/9863] Amnesia: A Machine for Pigs — playable — Action, Adventure, Indie
[1085/9863] Wasteland 2: Director's Cut — unknown — Adventure, Indie, RPG, Strategy
[1086/9863] State of Decay — verified — Action, RPG, Simulation
[1087/9863] Rayman® Legends — verified — Action, Adventure
[1088/9863] Styx: Master of Shadows — verified — Action
[1089/9863] Injustice: Gods Among Us Ultimate Edition — unsupported — Action
[1090/9863] Invisible, Inc. — playable — Action, Indie, Strategy
[1091/9863] Homeworld Remastered Collection — unsupported — Simulation, Strategy
[1092/9863] Men of War: Assault Squad 2 — playable — Action, Simulation, Strategy
[1093/9863] SNOW - The Ultimate Edition — playable — Casual, Indie, Simulation, Sports
[1094/9863] Kingdom Rush  - Tower Defense — playable — Strategy
[1095/9863] Talisman: Digital Classic Edition — playable — Indie, RPG, Strategy
[1096/9863] Cook, Serve, Delicious! — verified — Action, Indie, Simulation, Strategy
[1097/9863] Portal 2 Sixense Perceptual Pack — unknown — Action, Adventure
[1098/9863] Hitman: Contracts — unsupported — Action
[1099/9863] Craft The World — playable — Indie, RPG, Simulation, Strategy
[1100/9863] Door Kickers — playable — Action, Indie, Simulation, Strategy
[1101/9863] Risk of Rain (2013) — playable — Action, Indie, RPG
[1102/9863] Dungeon of the ENDLESS™ — playable — Adventure, Indie, RPG, Strategy
[1103/9863] Risen 3 - Titan Lords — playable — RPG
[1104/9863] Blackguards — playable — Action, Adventure, Indie, RPG, Strategy
[1105/9863] METAL SLUG 3 — unsupported — Action
[1106/9863] The Wolf Among Us — playable — Action, Adventure, Casual
[1107/9863] Shovel Knight: Treasure Trove — verified — Action, Adventure, Indie
[1108/9863] SteamVR — unknown — 
[1109/9863] WWII Online — unsupported — Action, Casual, Indie, Massively Multiplayer, RPG, Simulation, Strategy, Free To Play
[1110/9863] Grimm — playable — Casual, Indie
[1111/9863] SteamWorld Dig — verified — Action, Adventure, Indie
[1112/9863] OMSI 2: Steam Edition — unsupported — Casual, Simulation
[1113/9863] Streamline — unknown — Action, Indie, Sports, Early Access
[1114/9863] PULSAR: Lost Colony — playable — Action, Adventure, Indie, RPG, Simulation
[1115/9863] Race The Sun — playable — Action, Indie, Racing
[1116/9863] GRID Autosport — verified — Racing, Sports
[1117/9863] Viscera Cleanup Detail: Shadow Warrior — playable — Indie, Simulation
[1118/9863] Child of Light — verified — RPG
[1119/9863] Serious Sam 4 — verified — Action, Adventure, Indie
[1120/9863] Infinity Wars: Animated Trading Card Game — unknown — Action, Adventure, Casual, Indie, Massively Multiplayer, RPG, Strategy, Free To Play
[1121/9863] Gauntlet™ Slayer Edition — playable — Action, Adventure, RPG
[1122/9863] Valiant Hearts: The Great War™ / Soldats Inconnus : Mémoires de la Grande Guerre™ — playable — Adventure
[1123/9863] Dungeons 2 — playable — RPG, Simulation, Strategy
[1124/9863] Blockstorm — playable — Action, Indie
[1125/9863] Villagers and Heroes — playable — Indie, Massively Multiplayer, RPG, Free To Play
[1126/9863] One Finger Death Punch — verified — Action, Casual, Indie
[1127/9863] Anarchy Arcade — playable — Casual, Free To Play, Indie, Early Access
[1128/9863] Hand of Fate — playable — Action, Indie, RPG
[1129/9863] Magicite — unknown — Action, Adventure, Indie, RPG
[1130/9863] EVGA Precision X1 — unsupported — Utilities
[1131/9863] Satellite Reign — unknown — Action, Indie, Strategy
[1132/9863] X-Plane 11 — playable — Simulation
[1133/9863] Darkwood — verified — Action, Adventure, RPG, Strategy
[1134/9863] Murder Miners — verified — Action, Casual, Indie
[1135/9863] FaceRig — unsupported — Animation & Modeling, Video Production
[1136/9863] Mordheim: City of the Damned — verified — RPG, Strategy
[1137/9863] Aragami — verified — Action, Adventure, Indie
[1138/9863] Easy™ eSports — unsupported — Utilities
[1139/9863] 100% Orange Juice — verified — Indie, Strategy
[1140/9863] Salt and Sanctuary — verified — Action, Indie, RPG
[1141/9863] LEGO® The Hobbit™ — verified — Action, Adventure
[1142/9863] RollerCoaster Tycoon® 2: Triple Thrill Pack — playable — Simulation, Strategy
[1143/9863] TerraTech — playable — Action, Indie
[1144/9863] Mini Metro — verified — Indie, Simulation, Strategy
[1145/9863] The Room — verified — Adventure, Indie
[1146/9863] Fable Anniversary — verified — RPG
[1147/9863] Construction Simulator 2015 — playable — Casual, Simulation
[1148/9863] Armello — verified — Adventure, Indie, RPG, Strategy
[1149/9863] FINAL FANTASY® XIII — playable — RPG
[1150/9863] Overcast - Walden and the Werewolf — unknown — Action, Adventure, Indie
[1151/9863] Valkyria Chronicles™ — verified — Action, RPG, Strategy
[1152/9863] Just Survive — unsupported — Action, Adventure, Massively Multiplayer
[1153/9863] Royal Quest — unknown — Massively Multiplayer, RPG, Free To Play
[1154/9863] Mount Your Friends — playable — Indie, Simulation, Sports
[1155/9863] Titan Souls — playable — Action, Adventure, Indie
[1156/9863] War Trigger 3 — playable — Action, Casual, Indie, Simulation, Free To Play
[1157/9863] Only If — playable — Adventure, Indie, Free To Play
[1158/9863] The Escapists — playable — Action, Adventure, Indie, Simulation, Strategy
[1159/9863] Total War Battles: KINGDOM — unknown — Free To Play, Strategy
[1160/9863] Road Redemption — playable — Action, Adventure, Indie, Racing, Simulation
[1161/9863] Shadowrun: Dragonfall - Director's Cut — unsupported — Adventure, Indie, RPG, Strategy
[1162/9863] Zombie Army Trilogy — verified — Action
[1163/9863] RADical ROACH Remastered — playable — Action, Adventure, Casual, Indie, Simulation, Strategy
[1164/9863] Saints Row: Gat out of Hell — unsupported — Action
[1165/9863] Call to Arms — playable — Action, Indie, Simulation, Strategy
[1166/9863] ArcheAge — unsupported — Massively Multiplayer, RPG, Free To Play
[1167/9863] SUNLESS SEA — playable — Adventure, Indie, RPG
[1168/9863] Outland — unknown — Action, Adventure, Indie
[1169/9863] Battle Islands — playable — Free To Play, Simulation, Strategy
[1170/9863] We Need To Go Deeper — playable — Action, Indie, Simulation
[1171/9863] The Way of Life Free Edition — verified — Free To Play, Indie
[1172/9863] Zero Escape: Zero Time Dilemma — verified — Adventure
[1173/9863] SpellForce 3 Reforced — unsupported — RPG, Strategy
[1174/9863] Assassin’s Creed® Rogue — playable — Action, Adventure
[1175/9863] Simply Chess — unknown — Casual, Free To Play, Indie, Strategy
[1176/9863] Strange Brigade — playable — Action, Adventure
[1177/9863] Stranded Deep — playable — Adventure, Indie
[1178/9863] Farming Simulator 15 — playable — Simulation
[1179/9863] Polarity — playable — Action, Adventure, Indie, Strategy
[1180/9863] Double Action: Boogaloo — playable — Action, Indie, Free To Play
[1181/9863] Cubic Castles — unknown — Action, Adventure, Casual, Free To Play, Indie, Massively Multiplayer
[1182/9863] Trine 3: The Artifacts of Power — playable — Action, Adventure, Indie
[1183/9863] We Happy Few — verified — Action, Adventure, Indie
[1184/9863] Car Mechanic Simulator 2015 — playable — Racing, Simulation
[1185/9863] Primal Carnage: Extinction — verified — Action, Indie
[1186/9863] Might & Magic® Heroes® VII — playable — RPG, Strategy
[1187/9863] SteamVR Performance Test — unsupported — Utilities
[1188/9863] TOXIKK™ — playable — Action, Free To Play, Indie
[1189/9863] Warspear Online — unsupported — Massively Multiplayer, RPG, Free To Play
[1190/9863] ShellShock Live — playable — Action, Casual, Indie, Massively Multiplayer, Strategy
[1191/9863] Worms W.M.D — playable — Action, Strategy
[1192/9863] Data Hacker: Corruption — unknown — Adventure, Indie, RPG, Simulation
[1193/9863] Devil May Cry 4 Special Edition — unsupported — Action
[1194/9863] Gems of War - Puzzle RPG — playable — Action, Adventure, Casual, RPG, Strategy, Free To Play
[1195/9863] State of Decay: YOSE — playable — Action, RPG, Simulation
[1196/9863] Children of Morta — verified — Action, Adventure, Indie, RPG
[1197/9863] Tales from the Borderlands — playable — Adventure
[1198/9863] Game of Thrones - A Telltale Games Series — unsupported — Adventure
[1199/9863] Heavy Metal Machines — playable — Action, Casual, Free To Play, Indie, Sports
[1200/9863] Everlasting Summer — unsupported — Adventure, Casual, Indie, Free To Play
[1201/9863] One Piece Pirate Warriors 3 — playable — Action
[1202/9863] LEGO® Worlds — unsupported — Adventure
[1203/9863] Amazing Frog? — unsupported — Action, Adventure, Indie, Early Access
[1204/9863] Five Nights at Freddy's 2 — verified — Indie
[1205/9863] Dark Deception — playable — Action, Adventure, Indie, Free To Play
[1206/9863] Cossacks 3 — unsupported — Action, Adventure, Strategy
[1207/9863] Brick-Force — unknown — Action, Free To Play
[1208/9863] System Shock® 2 (1999) — unknown — Action, RPG
[1209/9863] The SKIES - BETA — unknown — Free To Play, Massively Multiplayer, RPG, Early Access
[1210/9863] Strife® — unknown — Action, RPG, Strategy, Free To Play
[1211/9863] Resident Evil 0 — unsupported — Action, Adventure
[1212/9863] VEGA Conflict — playable — Massively Multiplayer, Strategy, Free To Play
[1213/9863] HuniePop — playable — Indie, RPG, Simulation, Strategy
[1214/9863] Hatred — playable — Action, Indie
[1215/9863] Arizona Sunshine® — unsupported — Action, Adventure, Indie
[1216/9863] Disillusions Manga Horror — unknown — Adventure, Indie
[1217/9863] Particula — playable — Casual, Indie, Strategy
[1218/9863] Victor Vran ARPG — verified — Action, Adventure, Indie, RPG
[1219/9863] Shadowrun: Hong Kong - Extended Edition — playable — Adventure, Indie, RPG, Strategy
[1220/9863] Terra Incognita Chapter One: The Descendant — unsupported — Adventure, Indie, RPG, Early Access
[1221/9863] Google Earth VR — unsupported — Adventure, Casual, Free To Play, Simulation
[1222/9863] Wolfenstein: The Old Blood — verified — Action
[1223/9863] Sometimes: Success Requires Sacrifice — playable — Action, Adventure, Casual, Indie, Strategy
[1224/9863] Eternal Senia — playable — Action, Free To Play, Indie, RPG
[1225/9863] Tales of Zestiria — playable — RPG
[1226/9863] LEGO® Jurassic World — verified — Action, Adventure
[1227/9863] Five Nights at Freddy's 3 — verified — Action, Indie, Simulation
[1228/9863] METAL SLUG DEFENSE — unknown — Action, Free To Play
[1229/9863] Spooky's Jump Scare Mansion — playable — Action, Adventure, Free To Play, Indie
[1230/9863] Make it indie! — playable — Adventure, Indie, Simulation
[1231/9863] Copa Petrobras de Marcas — playable — Free To Play, Racing, Simulation, Sports
[1232/9863] Shift Happens — verified — Action, Indie
[1233/9863] FINAL FANTASY X/X-2 HD Remaster — playable — RPG
[1234/9863] How to Survive 2 — playable — Action, Adventure, RPG
[1235/9863] Yooka-Laylee — verified — Action, Adventure, Indie
[1236/9863] The Mean Greens - Plastic Warfare — playable — Action, Indie
[1237/9863] Turmoil — playable — Indie, Simulation, Strategy
[1238/9863] Exanima — verified — Action, Adventure, Indie, RPG, Simulation, Early Access
[1239/9863] Fran Bow — verified — Adventure, Indie
[1240/9863] Tyranny — playable — Adventure, RPG
[1241/9863] Transmissions: Element 120 — unknown — Action, Free To Play, Indie
[1242/9863] Battle Brothers — playable — RPG, Simulation, Strategy
[1243/9863] Poly Bridge — unsupported — Indie, Simulation
[1244/9863] Sniper Ghost Warrior 3 — unsupported — Action
[1245/9863] CrossCode — playable — Action, Adventure, Indie, RPG
[1246/9863] 60 Seconds! — unsupported — Adventure, Casual, Indie, Simulation, Strategy
[1247/9863] Her Story — playable — Adventure, Casual, Indie, Simulation
[1248/9863] NBA 2K16 — verified — Sports
[1249/9863] Far Cry® Primal — playable — Action, Adventure
[1250/9863] RPG MO — playable — Adventure, Indie, Massively Multiplayer, RPG, Free To Play, Early Access
[1251/9863] Hired Ops — playable — Action, Free To Play, Massively Multiplayer
[1252/9863] Warhammer 40,000: Eternal Crusade — unsupported — Action, Adventure, Free To Play, Massively Multiplayer
[1253/9863] Chronicon — playable — Action, Adventure, Indie, RPG
[1254/9863] Anno 2205™ — playable — Simulation, Strategy
[1255/9863] The Isle — playable — Action, Adventure, Indie, Massively Multiplayer, Simulation, Early Access
[1256/9863] WildStar — unknown — Free To Play, Massively Multiplayer, RPG
[1257/9863] FINAL FANTASY IX — playable — RPG
[1258/9863] Project CARS 2 — unsupported — Racing
[1259/9863] Teeworlds — playable — Action, Free To Play, Indie
[1260/9863] Relic Hunters Zero: Remix — playable — Action, Indie, Free To Play
[1261/9863] Sakura Clicker — verified — Casual, Free To Play, Indie
[1262/9863] Empyrion - Galactic Survival — playable — Adventure, Indie, Simulation, Strategy
[1263/9863] Dead Island: Riptide Definitive Edition — verified — Action
[1264/9863] Rivals of Aether — verified — Indie
[1265/9863] ABZU — verified — Adventure, Casual, Indie, Simulation
[1266/9863] CPUCores :: Maximize Your FPS — unsupported — Design & Illustration, Utilities
[1267/9863] NBA 2K17 — unsupported — Sports
[1268/9863] Time Clickers — playable — Action, Casual, Free To Play, Indie
[1269/9863] NEKOPARA Vol. 0 — verified — Casual, Indie
[1270/9863] Planetary Annihilation: TITANS — playable — Action, Indie, Strategy
[1271/9863] Five Nights at Freddy's 4 — verified — Action, Indie, Strategy
[1272/9863] Steel Ocean — unknown — Free To Play, Massively Multiplayer, Simulation
[1273/9863] Stellar 2D — unknown — Action, Casual, Indie
[1274/9863] Call of Duty®: Modern Warfare® Remastered (2017) — unsupported — Action
[1275/9863] Hurtworld — unsupported — Action, Adventure, Simulation
[1276/9863] Battleborn — unknown — Action
[1277/9863] Punch Club — playable — Indie, RPG, Strategy
[1278/9863] EVERSPACE™ — playable — Action, Indie
[1279/9863] Faeria — playable — Adventure, Indie, Massively Multiplayer, RPG, Strategy
[1280/9863] SimplePlanes — verified — Indie, Simulation
[1281/9863] Clustertruck — playable — Action, Indie
[1282/9863] Call of Cthulhu® — verified — Adventure, RPG
[1283/9863] ShareX — unsupported — Free To Play, Audio Production, Design & Illustration, Photo Editing, Utilities, Video Production, Web Publishing
[1284/9863] Heaven Island - VR MMO — unknown — Adventure, Indie, Massively Multiplayer
[1285/9863] Wuppo: Definitive Edition — verified — Action, Adventure, Indie, RPG
[1286/9863] Call to Arms - Gates of Hell: Ostfront — unsupported — Action, Simulation, Strategy
[1287/9863] Sakura Swim Club — verified — Casual, Indie
[1288/9863] Atlas Reactor — unknown — Free To Play, Strategy
[1289/9863] Planetbase — playable — Indie, Simulation, Strategy
[1290/9863] Endless Sky — playable — Action, Adventure, Indie, RPG, Simulation, Free To Play
[1291/9863] Wasteland 2: Director's Cut — playable — Adventure, Indie, RPG, Strategy
[1292/9863] Godot Engine — unsupported — Game Development
[1293/9863] LEGO® MARVEL's Avengers — playable — Action, Adventure
[1294/9863] Pony Island — verified — Indie
[1295/9863] Dr. Langeskov, The Tiger, and The Terribly Cursed Emerald: A Whirlwind Heist — playable — Free To Play, Indie
[1296/9863] 12 is Better Than 6 — playable — Action, Indie
[1297/9863] Forts — playable — Action, Indie, Strategy
[1298/9863] ELEX — playable — Action, Adventure, RPG
[1299/9863] STEINS;GATE — playable — Adventure
[1300/9863] Drift Streets Japan — unknown — Action, Indie, Massively Multiplayer, Racing, Simulation, Sports
[1301/9863] Danganronpa: Trigger Happy Havoc — playable — Adventure
[1302/9863] Danganronpa 2: Goodbye Despair — playable — Adventure
[1303/9863] Skyforge — unsupported — Massively Multiplayer, RPG
[1304/9863] RWBY: Grimm Eclipse — unsupported — Action, Adventure, Indie
[1305/9863] Spelunky 2 — verified — Action, Indie
[1306/9863] OneShot — unsupported — Adventure, Casual, Indie
[1307/9863] DiRT 4 — verified — Racing, Simulation, Sports
[1308/9863] Heaven Island Life — unsupported — Indie, Simulation
[1309/9863] Furi — verified — Action, Indie
[1310/9863] War of Rights — unsupported — Action, Indie, Massively Multiplayer, Simulation, Strategy, Early Access
[1311/9863] DEAD RISING® — verified — Action, Adventure
[1312/9863] Vampyr — verified — Action, RPG
[1313/9863] Abiotic Factor — playable — Action, Adventure, RPG, Simulation
[1314/9863] Youtubers Life — verified — Adventure, Casual, Indie, Simulation, Strategy
[1315/9863] Kivi, Toilet and Shotgun — unknown — Action, Adventure, Casual, Indie
[1316/9863] Feed and Grow: Fish — playable — Action, Indie, Simulation, Early Access
[1317/9863] Tales of Berseria™ — unsupported — Action, RPG
[1318/9863] BlackShot: Mercenary Warfare FPS — unsupported — Action, Casual, Free To Play
[1319/9863] Blood and Bacon — unsupported — Action, Adventure, Casual
[1320/9863] The Culling — unknown — Action, Free To Play, Indie
[1321/9863] Tricky Towers — verified — Casual, Indie
[1322/9863] Kritika:REBOOT — unsupported — Action, Free To Play, Massively Multiplayer, RPG
[1323/9863] Pinball FX3 — playable — Simulation
[1324/9863] Avorion — playable — Action, Indie, Simulation
[1325/9863] Wizard of Legend — verified — Action, Adventure, Indie
[1326/9863] GUNS UP! — unknown — Action, Casual, Free To Play, Strategy
[1327/9863] VA-11 Hall-A: Cyberpunk Bartender Action — playable — Adventure, Indie, Simulation
[1328/9863] Bacteria — playable — Casual, Indie
[1329/9863] Book of Demons — playable — Action, Adventure, Casual, Indie, RPG
[1330/9863] Hot Dogs, Horseshoes & Hand Grenades — unsupported — Action, Simulation, Early Access
[1331/9863] Gold Mining Simulator — playable — Indie, Simulation
[1332/9863] Hero Quest: Tower Conflict — unknown — Action, Casual, Indie, Strategy
[1333/9863] High Octane Drift — playable — Racing, Simulation, Sports, Early Access
[1334/9863] Bigscreen Beta — unknown — Action, Free To Play, Simulation
[1335/9863] Pyre — playable — Action, Indie, RPG
[1336/9863] AdVenture Communist — verified — Casual, Indie, Simulation, Strategy, Free To Play, Early Access
[1337/9863] Puzzle Galaxies — unknown — Casual, Indie
[1338/9863] RUINER — verified — Action, Indie
[1339/9863] Worm.is: The Game — unsupported — Casual, Free To Play
[1340/9863] Ultimate Fishing Simulator® — playable — Casual, Simulation, Sports
[1341/9863] Legion TD 2 - Multiplayer Tower Defense — playable — Casual, Indie, Strategy
[1342/9863] Absolver — unsupported — Action, Adventure, Indie
[1343/9863] Call of Duty®: WWII — playable — Action
[1344/9863] ESEA — unsupported — Utilities
[1345/9863] Prey — verified — Action, Adventure
[1346/9863] Night in the Woods — verified — Adventure
[1347/9863] Head Shot — unknown — Action, Adventure, Casual, Indie, Early Access
[1348/9863] Dungeon Journey — playable — Action, Adventure, Casual, Indie, RPG, Simulation
[1349/9863] Soccer Online: Ball 3D — playable — Sports
[1350/9863] MADNESS: Project Nexus — playable — Action, Indie
[1351/9863] Minion Masters — unsupported — Action, Adventure, Indie, RPG, Strategy, Free To Play
[1352/9863] Warhammer 40,000: Gladius - Relics of War — playable — Strategy
[1353/9863] BATTALION: Legacy — unsupported — Action, Free To Play
[1354/9863] Prismata — playable — Free To Play, Indie, Simulation, Strategy, Early Access
[1355/9863] City Car Driving — playable — Indie, Racing, Simulation
[1356/9863] Figment — unsupported — Action, Adventure, Casual, Indie
[1357/9863] Dungeons 3 — playable — Simulation, Strategy
[1358/9863] Kingdom: New Lands — verified — Indie, Simulation, Strategy
[1359/9863] What Remains of Edith Finch — verified — Adventure, Indie
[1360/9863] Bulletstorm: Full Clip Edition — playable — Action, Adventure
[1361/9863] 911 Operator — unsupported — Casual, Indie, Simulation, Strategy
[1362/9863] A Detective's Novel — unsupported — Adventure, Indie
[1363/9863] Railway Empire — playable — Simulation, Strategy
[1364/9863] Foxhole — playable — Action, Indie, Massively Multiplayer, RPG, Strategy
[1365/9863] Five Nights at Freddy's: Sister Location — playable — Action, Indie, Simulation
[1366/9863] BlackSmith HIT — unknown — Action, Casual, Indie
[1367/9863] $1 Ride — playable — Action, Casual, Indie
[1368/9863] ONRAID — unknown — Action, Free To Play, Indie, Massively Multiplayer, Strategy
[1369/9863] The Pirate: Caribbean Hunt — playable — Action, Adventure, Indie, Simulation, Strategy, Free To Play
[1370/9863] Streets of Rogue — playable — Action, Adventure, Indie, RPG
[1371/9863] KUBOOM — unknown — Action, Adventure, Indie, Massively Multiplayer, Free To Play
[1372/9863] Turbo Pug DX — unknown — Casual, Indie
[1373/9863] Bus Simulator 18 — playable — Simulation
[1374/9863] Warriors of Vilvatikta — playable — Adventure, Indie, RPG
[1375/9863] My Summer Car — playable — Indie, Racing, Simulation
[1376/9863] Just Cause 4 Reloaded — playable — Action, Adventure
[1377/9863] Next Day: Survival — playable — Action, Indie, RPG
[1378/9863] Hello Neighbor — unsupported — Adventure, Indie, Strategy
[1379/9863] Serial Cleaner — verified — Action, Indie
[1380/9863] SYNTHETIK: Legion Rising — playable — Action, Indie
[1381/9863] Elems — unknown — Casual, Indie
[1382/9863] Dark and Light — playable — Action, Adventure, Massively Multiplayer, RPG, Simulation, Early Access
[1383/9863] Resurgence — unsupported — Adventure, Indie
[1385/9863] Just Shapes & Beats — verified — Action, Indie
[1386/9863] Eternal Card Game — playable — Casual, Massively Multiplayer, Strategy, Free To Play
[1387/9863] The Walking Dead: A New Frontier — verified — Adventure
[1388/9863] MOBIUS FINAL FANTASY™ — unsupported — Free To Play, RPG
[1389/9863] Bomber Crew — verified — Simulation, Strategy
[1390/9863] Police Stories — playable — Action, Indie, Simulation, Strategy
[1391/9863] Sally Face - Episode One — verified — Adventure, Indie
[1392/9863] Snake Pass — verified — Adventure, Casual, Indie, Simulation
[1393/9863] Darwin Project — unsupported — Action, Indie, Free To Play
[1394/9863] Driver Booster 4 for Steam — unknown — Utilities
[1395/9863] Puyo Puyo™Tetris® — playable — Action, Casual
[1396/9863] RAGE 2 — unsupported — Action
[1397/9863] NosTale - Anime MMORPG — unsupported — Action, Adventure, Massively Multiplayer, RPG, Free To Play
[1398/9863] Onmyoji — unsupported — Adventure, RPG, Strategy
[1399/9863] TUNIC — verified — Action, Adventure, RPG
[1400/9863] ICEY — verified — Action, Adventure, RPG
[1401/9863] Pavlov — unsupported — Action, Indie
[1402/9863] League of Maidens® — unsupported — Action, Adventure, Casual, Indie, RPG, Strategy, Free To Play
[1403/9863] My Friend Pedro — verified — Action, Indie
[1404/9863] Art of War: Red Tides — unknown — Violent, Free To Play, Indie, Strategy, Early Access
[1405/9863] Witch It — playable — Action, Casual, Indie
[1406/9863] MONOPOLY® PLUS — unsupported — Casual
[1407/9863] Soda Dungeon — playable — Casual, RPG, Free To Play
[1408/9863] Blood of Steel — unsupported — Action, Massively Multiplayer, Strategy, Free To Play
[1409/9863] Danganronpa V3: Killing Harmony — unsupported — Adventure
[1410/9863] The Pasture — playable — Nudity, Casual, Indie, Simulation
[1411/9863] Distant Space — unknown — Action, Adventure, Casual, Indie
[1412/9863] Golf It! — playable — Casual, Indie, Simulation, Sports
[1413/9863] Stormworks: Build and Rescue — playable — Simulation
[1414/9863] Battlefleet Gothic: Armada 2 — playable — Strategy
[1415/9863] Cat or Bread? — unknown — Casual, Indie
[1416/9863] Flame of Memory — unknown — Indie, Strategy
[1417/9863] Magic Lantern — unknown — Adventure, Free To Play, Simulation
[1418/9863] NBA 2K18 — verified — Simulation, Sports
[1419/9863] BRAIN / OUT — playable — Action, Free To Play, Indie, Massively Multiplayer
[1420/9863] LEGO® City Undercover — playable — Action
[1421/9863] The Outer Worlds — playable — RPG
[1422/9863] Sonic Mania — verified — Action, Adventure, Casual
[1423/9863] Holdfast: Nations At War — verified — Action, Indie, Massively Multiplayer, RPG, Simulation, Strategy
[1424/9863] Ni no Kuni™ II: Revenant Kingdom — verified — Adventure, RPG
[1425/9863] Into the Breach — verified — Indie, RPG, Simulation, Strategy
[1426/9863] Sniper Fury — unsupported — Action, Free To Play
[1427/9863] PixARK — playable — Action, Adventure, Casual, Massively Multiplayer, RPG, Strategy
[1428/9863] FINAL FANTASY XII THE ZODIAC AGE — verified — RPG
[1429/9863] Clone Drone in the Danger Zone — playable — Action, Indie
[1430/9863] BIOMUTANT — playable — Action, RPG
[1431/9863] Flashing Lights - Police, Firefighting, Emergency Services (EMS) Simulator — playable — Action, Indie, Massively Multiplayer, RPG, Simulation
[1432/9863] GreedFall — playable — RPG
[1433/9863] Wargroove — playable — Indie, Strategy
[1434/9863] McOsu — unknown — Indie
[1435/9863] FAR: Lone Sails — verified — Action, Adventure, Indie
[1436/9863] Realm Grinder — verified — Free To Play, RPG, Strategy
[1437/9863] Desperados III — playable — Strategy
[1438/9863] Fallout 4 VR — unsupported — RPG
[1439/9863] House Party — playable — Adventure, Casual, Indie, RPG, Simulation
[1440/9863] Dishonored®: Death of the Outsider™ — verified — Action
[1441/9863] SUPERHOT VR — unsupported — Action, Indie
[1442/9863] Heroes of Hammerwatch II — playable — Action, Indie, RPG
[1443/9863] Ancestors Legacy — unsupported — Strategy
[1444/9863] XERA: Survival — playable — Action, Adventure, Indie, Massively Multiplayer, Simulation, Strategy, Free To Play
[1445/9863] Stoneshard — playable — Adventure, Indie, RPG, Strategy, Early Access
[1446/9863] Sword Art Online: Fatal Bullet — playable — Action, RPG
[1447/9863] Injustice™ 2 — playable — Action
[1448/9863] Maneater — verified — Action, Adventure, Indie, RPG
[1449/9863] Devil May Cry HD Collection — unsupported — Action
[1450/9863] Journey — verified — Adventure, Indie
[1451/9863] Cooking Simulator — verified — Casual, Simulation
[1452/9863] The Surge 2 — verified — Action, RPG
[1453/9863] Pixel Sketch — unsupported — Casual, Indie, Free To Play
[1454/9863] Yume Nikki — playable — Adventure, Casual, Indie, Free To Play
[1455/9863] Return of the Obra Dinn — verified — Adventure, Indie
[1456/9863] Dream Daddy: A Dad Dating Simulator — playable — Casual, Indie, Simulation
[1457/9863] Dude Simulator — verified — Action, Adventure, Indie, Simulation
[1458/9863] MX Bikes — playable — Racing, Simulation, Sports, Early Access
[1459/9863] Do Not Feed the Monkeys — playable — Indie, Simulation, Strategy
[1460/9863] My Time at Portia — playable — Adventure, Casual, Indie, RPG, Simulation
[1461/9863] Bit Heroes Quest — playable — Adventure, Free To Play, Massively Multiplayer, RPG
[1462/9863] Dead Maze — unknown — Action, Free To Play, Massively Multiplayer
[1463/9863] VTOL VR — unsupported — Action, Indie, Simulation
[1464/9863] Tricolour Lovestory — unsupported — Adventure, Casual, Indie
[1465/9863] Mechabellum — playable — Action, Indie, Massively Multiplayer, Simulation, Strategy
[1466/9863] Real Pool 3D - Poolians — playable — Action, Casual, Indie, Massively Multiplayer, Simulation, Sports, Strategy, Free To Play
[1467/9863] Supremacy: Call of War 1942 — playable — Massively Multiplayer, Simulation, Strategy, Free To Play
[1468/9863] Airport CEO — playable — Indie, Simulation, Strategy
[1469/9863] Warhammer 40,000: Mechanicus — verified — Strategy
[1470/9863] Heroes of Hammerwatch — playable — Action, Indie, RPG
[1471/9863] SAS: Zombie Assault 4 — verified — Action, RPG, Free To Play
[1472/9863] Swords & Souls: Neverseen — playable — Action, Adventure, Indie, RPG
[1473/9863] Descenders — playable — Action, Racing, Sports
[1474/9863] Drug Dealer Simulator — playable — Action, Adventure, Indie, Simulation
[1475/9863] Door Kickers: Action Squad — verified — Action, Casual, Indie, Simulation, Strategy
[1476/9863] TurnSignal — unsupported — Software Training, Utilities
[1477/9863] SUPERHOT: MIND CONTROL DELETE — verified — Action, Indie
[1478/9863] Immortal Soul: Black Survival — playable — Free To Play, Indie, Strategy
[1479/9863] Trine 4: The Nightmare Prince — verified — Action, Adventure, Indie
[1480/9863] Foundation — playable — Indie, Simulation, Strategy
[1481/9863] Zombie Army 4: Dead War — playable — Action
[1482/9863] Scorn — verified — Action, Adventure, Indie
[1483/9863] Evil Genius 2: World Domination — verified — Simulation, Strategy
[1484/9863] Neverwinter Nights: Enhanced Edition — playable — RPG
[1485/9863] Will To Live Online — unsupported — Action, Indie, Massively Multiplayer, RPG, Free To Play, Early Access
[1486/9863] Darksiders Genesis — verified — Action, Adventure
[1487/9863] Never Split the Party — verified — Action, Adventure, Indie, RPG, Simulation, Free To Play
[1488/9863] The Pillage — unknown — Action, Casual, Indie
[1489/9863] FAIL Ironsight: duplicate key value violates unique constraint "games_slug_unique"
[1490/9863] Reign of Guilds — playable — Action, Adventure, Indie, Massively Multiplayer, RPG, Free To Play
[1491/9863] Wasteland 3 — playable — RPG, Strategy
[1492/9863] 神舞幻想 Faith of Danschant — unsupported — RPG
[1493/9863] SD GUNDAM G GENERATION CROSS RAYS — unsupported — RPG, Strategy
[1494/9863] Islands of Nyne: Battle Royale — unknown — Action, Indie, Early Access
[1495/9863] Borderlands Game of the Year Enhanced — playable — Action, RPG
[1496/9863] The Invincible — verified — Action, Adventure, Indie
[1497/9863] Crash Bandicoot™ N. Sane Trilogy — verified — Action
[1498/9863] Juicy Realm — verified — Action, Adventure, Casual, Indie, RPG
[1499/9863] FIVE NIGHTS AT FREDDY'S: HELP WANTED — verified — Action, Casual
[1500/9863] Chinese Parents — playable — Casual, Indie, RPG, Simulation
[1501/9863] Baba Is You — verified — Indie
[1502/9863] Breathedge — unsupported — Action, Adventure, Indie, Simulation
[1503/9863] Monster Prom — verified — Indie, Simulation
[1504/9863] Reflex — unknown — Action, Casual, Indie
[1505/9863] Cloudpunk — verified — Adventure, Indie, RPG
[1506/9863] Zula Global — unsupported — Action, Massively Multiplayer, Free To Play
[1507/9863] Due Process — playable — Action, Adventure, Indie, Simulation, Strategy, Early Access
[1508/9863] Dragon Cliff — playable — Adventure, Casual, Indie, RPG, Simulation, Strategy
[1509/9863] Mutant Year Zero: Road to Eden — playable — RPG, Strategy
[1510/9863] Beholder 2 — verified — Adventure, Indie, Simulation, Strategy
[1511/9863] Wildermyth — verified — Indie, RPG, Strategy
[1512/9863] Rhythm Doctor — verified — Action, Casual, Indie, Strategy, Free To Play
[1513/9863] Warhammer: Chaosbane — unsupported — Action, Adventure, RPG
[1514/9863] Project Winter — verified — Action, Adventure, Casual, Indie, Strategy
[1515/9863] Gloomhaven — playable — Adventure, RPG, Strategy
[1516/9863] MechWarrior 5: Mercenaries — playable — Action, Simulation
[1517/9863] Workers & Resources: Soviet Republic — playable — Simulation, Strategy
[1518/9863] Phoenix Wright: Ace Attorney Trilogy — verified — Adventure
[1519/9863] World of Warplanes — playable — Action, Massively Multiplayer, Simulation, Free To Play
[1520/9863] LET IT DIE — verified — Action, Free To Play
[1521/9863] Friday the 13th: Killer Puzzle — playable — Casual, Free To Play, Indie, Strategy
[1522/9863] Professional Fishing — playable — Action, Casual, Massively Multiplayer, Simulation, Sports, Free To Play
[1523/9863] Destroy All Humans! — verified — Action, Adventure
[1524/9863] Achievements printer — unknown — Action, Casual, Indie, Sports
[1525/9863] Iratus: Lord of the Dead — playable — Indie, RPG, Strategy
[1526/9863] Supraland — unsupported — Action, Adventure, Indie, RPG
[1527/9863] Changed — unsupported — Adventure, Indie, RPG
[1528/9863] Undead Citadel — unsupported — Action, Adventure, Indie, RPG
[1529/9863] SD GUNDAM BATTLE ALLIANCE — unsupported — Action, RPG
[1530/9863] Iron Harvest — playable — Strategy
[1531/9863] Kolb Antarctica Experience — unknown — Adventure, Simulation
[1532/9863] Yakuza Kiwami (Legacy) — verified — Action, Adventure, RPG
[1533/9863] Dreadnought — unsupported — Action, Massively Multiplayer
[1534/9863] DEAD OR ALIVE 6 — unsupported — Action
[1535/9863] SpedV — unknown — Simulation
[1536/9863] Sunset Overdrive — unsupported — Action, Adventure
[1537/9863] Touhou Luna Nights — playable — Action, Adventure, Indie
[1538/9863] Dawn of Man — playable — Indie, Simulation, Strategy
[1539/9863] Secret Neighbor: Hello Neighbor Multiplayer — playable — Action, Adventure, Indie
[1540/9863] Imperator: Rome — playable — Simulation, Strategy
[1541/9863] Little Nightmares II — verified — Adventure
[1542/9863] Session: Skate Sim — verified — Indie, Simulation, Sports, Strategy
[1543/9863] We Were Here Together — verified — Adventure, Casual, Indie
[1544/9863] Tails Noir — playable — Adventure, Indie
[1545/9863] The Walking Dead: The Final Season — verified — Adventure
[1546/9863] Songs of Conquest — verified — Adventure, RPG, Strategy
[1547/9863] ROMANCE OF THE THREE KINGDOMS XIV — unsupported — Simulation
[1548/9863] The Battle of Polytopia — verified — Action, Adventure, Casual, Indie, Simulation, Strategy
[1549/9863] Kingdom Heroes 8 — unsupported — Action, RPG, Simulation, Strategy
[1550/9863] Battlerite Royale — playable — Action, Free To Play, Massively Multiplayer
[1551/9863] XCOM®: Chimera Squad — playable — Strategy
[1552/9863] Total War: ROME REMASTERED — playable — Strategy
[1553/9863] Pool 2D - Poolians — unknown — Casual, Indie, Massively Multiplayer, Simulation, Sports, Free To Play
[1554/9863] Death's Door — verified — Action, Adventure, Indie, RPG
[1555/9863] Deadside — unsupported — Action, Adventure, Indie, Massively Multiplayer
[1556/9863] Project Wingman — playable — Action, Indie, Simulation
[1557/9863] Last Oasis — unsupported — Action, Adventure, Indie, Massively Multiplayer, RPG, Early Access
[1558/9863] Combat Arms: Reloaded — unsupported — Action, Massively Multiplayer, Simulation, Strategy, Free To Play
[1559/9863] Cube Escape: Paradox — playable — Adventure, Free To Play, Indie
[1560/9863] Assassin's Creed® III Remastered — playable — Action, Adventure
[1561/9863] Pixel Strike 3D — unknown — Action, Adventure, Indie, RPG, Free To Play
[1562/9863] Anno 1800 — playable — Simulation, Strategy
[1563/9863] The Walking Dead: Saints & Sinners — unsupported — Action, Adventure, Indie, RPG, Simulation, Strategy
[1564/9863] Modern Combat 5 — unsupported — Action, Free To Play, Massively Multiplayer
[1565/9863] OCTOPATH TRAVELER™ — playable — RPG
[1566/9863] Himno — playable — Adventure, Casual, Indie, Free To Play
[1567/9863] Life is Strange: True Colors — verified — Action, Adventure
[1568/9863] LoveChoice — verified — Adventure, Indie, RPG, Simulation
[1569/9863] The Dark Pictures Anthology: Man of Medan — unsupported — Adventure
[1570/9863] Death Trash — verified — Action, Indie, RPG, Early Access
[1571/9863] Soda Dungeon 2 — playable — Casual, Indie, RPG, Free To Play
[1572/9863] Gothic Playable Teaser — unknown — RPG
[1573/9863] CARRION — verified — Action, Adventure, Indie
[1574/9863] Terminator: Resistance — unsupported — Action, Adventure, RPG
[1575/9863] Amazing Cultivation Simulator — playable — 
[1576/9863] DJMAX RESPECT V — unsupported — Action, Casual, Sports
[1577/9863] Heavy Rain — verified — Action, Adventure
[1578/9863] Beyond: Two Souls — verified — Action, Adventure
[1579/9863] Skater XL - The Ultimate Skateboarding Game — verified — Action, Adventure, Indie, Simulation, Sports
[1580/9863] SpongeBob SquarePants: Battle for Bikini Bottom - Rehydrated — playable — Action, Adventure, Casual
[1581/9863] The Dungeon Of Naheulbeuk: The Amulet Of Chaos — playable — Action, Adventure, Indie, RPG, Strategy
[1582/9863] Sniper Ghost Warrior Contracts — verified — Action
[1583/9863] Thronebreaker: The Witcher Tales — verified — Adventure, RPG
[1584/9863] Cell to Singularity - Evolution Never Ends — playable — Casual, Simulation, Free To Play
[1585/9863] Streets of Rage 4 — verified — Action, Indie
[1586/9863] Expeditions: Rome — playable — RPG, Strategy
[1587/9863] Notes of Soul — playable — Action, Adventure, Casual, Indie, Massively Multiplayer, Racing, RPG, Strategy, Early Access
[1588/9863] 嗜血印 Bloody Spell — verified — Action, Adventure, Indie, RPG
[1589/9863] Gujian3(古剑奇谭三) — verified — RPG
[1590/9863] eFootball  PES 2020 — verified — Sports
[1591/9863] Police Simulator: Patrol Officers — verified — Simulation
[1592/9863] Marvel's Avengers - The Definitive Edition — unsupported — Action, Adventure, RPG
[1593/9863] Amnesia: Rebirth — verified — Adventure, Indie
[1594/9863] Tetris® Effect: Connected — verified — Casual, Indie
[1595/9863] EARTH DEFENSE FORCE 5 — playable — Action
[1596/9863] OVR Advanced Settings — unsupported — Utilities
[1597/9863] Blood™ Fresh Supply — unsupported — Action
[1598/9863] 60 Seconds! Reatomized — verified — Adventure, Casual, Indie, Simulation, Strategy
[1599/9863] Firestone – Idle Clicker Online RPG — playable — Casual, Indie, RPG, Free To Play
[1600/9863] WWE 2K20 — unsupported — Simulation, Sports
[1601/9863] Chernobylite Complete Edition — playable — Action, Adventure, Indie, RPG, Simulation
[1602/9863] Age of Empires: Definitive Edition — playable — Strategy
[1603/9863] War Selection — playable — Indie, Massively Multiplayer, Strategy, Free To Play, Early Access
[1604/9863] Vainglory — unknown — Free To Play, Strategy, Early Access
[1605/9863] FINAL FANTASY VIII - REMASTERED — verified — Adventure, RPG
[1606/9863] Torque Drift — playable — Racing
[1607/9863] Going Medieval — playable — Indie, RPG, Simulation, Strategy, Early Access
[1608/9863] Torchlight III — playable — Action, Adventure, RPG
[1609/9863] My Beautiful Paper Smile — unsupported — Action, Adventure, Indie
[1610/9863] Crime Scene Cleaner — playable — Action, Simulation
[1611/9863] Curious Expedition 2 — verified — Adventure, Indie, RPG, Simulation, Strategy
[1612/9863] Lords Mobile: Kingdom Wars — playable — Massively Multiplayer, RPG, Strategy, Free To Play
[1613/9863] Kingdoms of Amalur: Re-Reckoning — verified — Action, RPG
[1614/9863] BLOCKADE — unknown — Action, Indie, Massively Multiplayer, Free To Play
[1615/9863] Jump King — verified — Action, Adventure, Indie
[1616/9863] Timberborn — playable — Indie, Simulation, Strategy, Early Access
[1617/9863] Dinkum — playable — Adventure, Casual, Indie, RPG, Simulation
[1618/9863] Bendy and the Dark Revival — playable — Action, Adventure
[1619/9863] Evil West — playable — Action, Adventure, RPG
[1620/9863] Transport Fever 2 — verified — Casual, Indie, Simulation, Strategy
[1621/9863] OVR Toolkit - Desktop Overlay — unsupported — Utilities
[1622/9863] F1® 2020 — verified — Racing, Simulation, Sports
[1623/9863] My Time at Sandrock — verified — Adventure, Casual, Indie, RPG, Simulation
[1624/9863] Day of Dragons — playable — Indie, Massively Multiplayer, RPG, Simulation, Early Access
[1625/9863] Scribble It! — unknown — Casual, Indie, Free To Play
[1626/9863] Yakuza 3 Remastered — verified — Action, Adventure
[1627/9863] Marvel's Guardians of the Galaxy — playable — Action, Adventure
[1628/9863] Quake II RTX — unsupported — Action, Free To Play
[1629/9863] Blair Witch — unsupported — Adventure, Indie
[1630/9863] Solasta: Crown of the Magister — playable — Adventure, RPG, Strategy
[1631/9863] Gears 5 — playable — Action, Adventure
[1632/9863] Monster Train — playable — Strategy
[1633/9863] Bombergrounds: Reborn — unknown — Action, Adventure, Indie, Massively Multiplayer, Strategy, Free To Play
[1634/9863] New Frontier — unknown — Free To Play, Indie, Massively Multiplayer, RPG
[1635/9863] The Last Spell — verified — Action, Indie, RPG, Strategy
[1636/9863] Hydroneer — playable — Adventure, Casual, Indie, Simulation, Strategy
[1637/9863] 妄想破绽 Broken Delusion — playable — Adventure, Indie
[1638/9863] IXION — playable — Indie, Simulation, Strategy
[1639/9863] UNDEFEATED — verified — Action, Indie, Free To Play
[1640/9863] RetroArch — unknown — Free To Play
[1641/9863] Ranch Simulator: Build, Hunt, Farm — unsupported — Simulation
[1642/9863] Eastern Exorcist — playable — Action, Adventure, RPG
[1643/9863] HUMANKIND™ — playable — Strategy
[1644/9863] Mindustry — playable — Strategy
[1645/9863] Mini Motorways — verified — Casual, Simulation, Strategy
[1646/9863] Cube World — unsupported — Adventure, Indie, RPG
[1647/9863] EVERSPACE™ 2 — playable — Action, Adventure, RPG, Simulation
[1648/9863] Anarchy: Wolf's law — unsupported — Action, Adventure, Indie, Simulation, Strategy
[1649/9863] F1® 2021 — verified — Racing, Simulation, Sports
[1650/9863] Unpacking — verified — Casual, Indie, Simulation
[1651/9863] Travellers Rest — verified — Adventure, Casual, Indie, RPG, Simulation, Early Access
[1652/9863] ArcheAge: Unchained — unsupported — Massively Multiplayer, RPG, Free To Play
[1653/9863] NGU IDLE — playable — Adventure, Indie, Simulation, Free To Play
[1654/9863] The Legend of Bum-Bo — playable — Adventure, Indie, Strategy
[1655/9863] ICARUS — unsupported — Action, Adventure, Simulation
[1656/9863] Gas Station Simulator — playable — Casual, Indie, Simulation
[1657/9863] Coral Island — verified — Adventure, Casual, Indie, RPG, Simulation, Strategy
[1658/9863] Hardspace: Shipbreaker — verified — Simulation
[1659/9863] Richman10 — verified — Casual, Strategy
[1660/9863] Sinking Simulator — playable — Casual, Indie, Simulation
[1661/9863] Necesse — verified — Action, Adventure, Indie, RPG
[1662/9863] Mortal Online 2 — unsupported — Action, Indie, Massively Multiplayer, RPG
[1663/9863] Wayfinder — verified — Action, Adventure, RPG
[1665/9863] FINAL FANTASY — verified — RPG
[1666/9863] 港詭實錄ParanormalHK — playable — Adventure, Indie
[1667/9863] KartRider: Drift — playable — Racing
[1668/9863] 觅长生 — playable — Indie, RPG, Strategy
[1669/9863] Path Of Wuxia — playable — Indie, RPG
[1670/9863] Last Year — unsupported — Action, Free To Play
[1671/9863] BLEACH Brave Souls — unsupported — Action, Casual, RPG, Free To Play
[1672/9863] WorldBox - God Simulator — verified — Indie, Simulation, Early Access
[1673/9863] Suzerain — verified — Adventure, Indie, RPG
[1674/9863] Cyber Hunter — playable — Action, Free To Play, Massively Multiplayer
[1675/9863] Potion Craft: Alchemist Simulator — verified — Indie, Simulation
[1676/9863] She Will Punish Them — playable — Action, Indie, RPG, Early Access
[1677/9863] Mr. Sun's Hatbox — verified — Action, Indie
[1678/9863] Dragon Age™ Inquisition — unsupported — Action, Adventure, RPG, Strategy
[1679/9863] Unravel Two — playable — Action, Adventure
[1680/9863] Shadow Arena — unsupported — Action, Free To Play, Massively Multiplayer, RPG, Strategy, Early Access
[1681/9863] Summer Memories — playable — Adventure, RPG
[1682/9863] Mirror's Edge™ Catalyst — playable — Action, Adventure
[1683/9863] STAR WARS™ Battlefront — unsupported — Action, Adventure, Strategy
[1684/9863] Mass Effect™: Andromeda Deluxe Edition — playable — Action, RPG
[1685/9863] Dragon Age II: Ultimate Edition — unsupported — Action, Adventure, RPG
[1686/9863] Dead Space™ 3 — playable — Action
[1687/9863] The Test — verified — Adventure, Casual, Indie, RPG, Simulation
[1688/9863] Sea of Stars — verified — Adventure, Indie, RPG
[1689/9863] Jurassic World Evolution 2 — verified — Simulation, Strategy
[1690/9863] Terraformers — verified — Strategy
[1691/9863] Thrive: Heavy Lies The Crown — playable — Action, Adventure, Casual, Indie, RPG, Simulation, Strategy
[1692/9863] Xuan-Yuan Sword VII — unsupported — Action, Adventure, RPG
[1693/9863] DEATHLOOP — verified — Action
[1694/9863] Rogue Legacy 2 — verified — Action, Adventure, Indie, RPG
[1695/9863] Library Of Ruina — playable — Indie, RPG, Strategy
[1696/9863] Shop Titans — verified — Adventure, Casual, RPG, Simulation, Free To Play
[1697/9863] eFootball PES 2021 SEASON UPDATE — playable — Sports
[1698/9863] RIDE 4 — verified — Racing, Simulation, Sports
[1699/9863] Plants vs. Zombies: Battle for Neighborville™ — unsupported — Action, Casual, Strategy
[1700/9863] Need for Speed™ — playable — Action, Adventure, Racing, Simulation
[1701/9863] Need for Speed™ Most Wanted — playable — Action, Adventure, Racing
[1702/9863] Need for Speed™ Rivals — playable — Action, Adventure, Racing
[1703/9863] The Wind Road — playable — Action, Adventure, Indie, RPG
[1704/9863] Melvor Idle — playable — Adventure, Casual, Indie, RPG
[1705/9863] Starship Troopers: Extermination — unsupported — Action, Indie
[1706/9863] Ninja Kiwi Archive — unsupported — Action, Casual, Strategy
[1707/9863] Smart Game Booster — unknown — Utilities
[1708/9863] Crysis® 3 — playable — Action, Adventure, Strategy
[1709/9863] YoloMouse - Cursor Changer — unsupported — Action, Indie, Animation & Modeling, Design & Illustration, Education, Photo Editing, Software Training, Utilities, Game Development
[1710/9863] Post Void — verified — Action, Indie
[1711/9863] Firework — unsupported — Indie
[1712/9863] Townscaper — verified — Casual, Indie, Simulation
[1713/9863] Sid Meier's Civilization VII — verified — Simulation, Strategy
[1714/9863] Knockout City™ — playable — Action, Adventure, Free To Play, Indie, Sports
[1715/9863] Escape Room - Der kranke Kollege — playable — Adventure, Casual, Free To Play
[1716/9863] Labyrinthine — verified — Action, Adventure, Indie
[1717/9863] VLADiK BRUTAL — unsupported — Action, Adventure, Casual, Indie
[1718/9863] VTube Studio — unsupported — Indie, Animation & Modeling, Video Production
[1719/9863] Need for Speed™ Hot Pursuit Remastered — playable — Action, Racing
[1720/9863] Angel Legion — playable — Adventure, RPG, Strategy, Free To Play
[1721/9863] Action Taimanin — verified — Action, Adventure, RPG, Free To Play
[1722/9863] Against the Storm — verified — Simulation, Strategy
[1723/9863] Sniper Ghost Warrior Contracts 2 — verified — Action
[1724/9863] Aster Fpv Drone Simulator — unknown — Action, Massively Multiplayer, Racing, Simulation, Sports
[1725/9863] We Were Here Forever — verified — Adventure, Casual, Indie
[1726/9863] Thymesia — playable — Action
[1727/9863] Zero Hour — unsupported — Action, Simulation, Strategy
[1728/9863] In Silence — unsupported — Action
[1729/9863] ENDER LILIES: Quietus of the Knights — verified — Action, Indie, RPG
[1730/9863] MELTY BLOOD: TYPE LUMINA — verified — Action
[1731/9863] Candle In Darkness — unknown — Adventure, Indie
[1732/9863] Soulworker — playable — Action, Massively Multiplayer, RPG, Free To Play
[1733/9863] Across the Obelisk — playable — Adventure, Indie, RPG, Strategy
[1734/9863] Doki Doki Literature Club Plus! — verified — Casual, Indie
[1735/9863] Webbed — verified — Action, Adventure, Indie
[1736/9863] Mr.Mine — playable — Adventure, Casual, Indie, RPG, Simulation, Strategy, Free To Play
[1737/9863] World of Tanks — playable — Action, Massively Multiplayer, Simulation, Free To Play
[1738/9863] Swords of Legends Online — playable — Free To Play, Massively Multiplayer, RPG
[1739/9863] Dread Hunger — unsupported — Action, Adventure, Indie
[1740/9863] My Singing Monsters — verified — Casual, Simulation, Free To Play
[1741/9863] Sun Haven — playable — Adventure, Casual, Indie, RPG, Simulation
[1742/9863] Escape Simulator — verified — Adventure, Casual, Indie, Simulation
[1743/9863] Temple of Apshai Trilogy — unknown — Adventure, RPG
[1744/9863] Maniac Path — unknown — Adventure, Indie, Simulation
[1745/9863] FAIL 小黑盒加速器: duplicate key value violates unique constraint "games_slug_unique"
[1746/9863] Wo Long: Fallen Dynasty — verified — Action, Adventure, RPG
[1747/9863] The Walking Dead: The Telltale Definitive Series — verified — Adventure
[1748/9863] NEEDY STREAMER OVERLOAD — playable — Adventure, Indie
[1749/9863] Dorfromantik — verified — Casual, Indie, Simulation, Strategy
[1750/9863] I'm on Observation Duty 3 — playable — Adventure, Indie
[1751/9863] FINAL FANTASY VII REMAKE INTERGRADE — verified — Action, Adventure, RPG
[1752/9863] SnowRunner — verified — Adventure, Simulation
[1753/9863] Leaf Blower Revolution - Idle Game — playable — Casual, Indie, Free To Play
[1754/9863] SuchArt: Creative Space — playable — Action, Adventure, Casual, Indie, Simulation, Free To Play
[1755/9863] A.V.A Global — playable — Action, Massively Multiplayer, Free To Play
[1756/9863] TheDawn — unknown — Action, Adventure, Free To Play, Indie
[1757/9863] Demon Slayer -Kimetsu no Yaiba- The Hinokami Chronicles — verified — Action, Adventure
[1758/9863] Gotham Knights — verified — Action, Adventure, RPG
[1759/9863] Lords of the Fallen — verified — Action, Adventure, RPG
[1760/9863] It Takes Two Friend's Pass — playable — 
[1761/9863] PICO PARK — verified — Action, Casual, Indie
[1762/9863] FAIL 极限求生: duplicate key value violates unique constraint "games_slug_unique"
[1763/9863] Perfect Heist 2 — playable — Action, Casual, Indie, Strategy
[1764/9863] Supraland Six Inches Under — verified — Adventure
[1765/9863] Wartales — verified — Adventure, Indie, RPG, Strategy
[1766/9863] Sword and Fairy 7 — unsupported — Action, Adventure, RPG
[1767/9863] The Callisto Protocol™ — verified — Action, Adventure
[1768/9863] Grand Theft Auto: San Andreas – The Definitive Edition — playable — Action, Adventure
[1769/9863] Propnight — unsupported — Action, Adventure, Casual
[1770/9863] Aliens: Fireteam Elite — verified — Action, RPG
[1771/9863] Touhou Mystia's Izakaya — verified — Casual, Indie, RPG, Simulation
[1772/9863] BONELAB — unsupported — Action, Adventure, Simulation
[1773/9863] Frostpunk 2 — playable — Simulation, Strategy
[1774/9863] Dune: Spice Wars — playable — Strategy
[1775/9863] Lies of P — playable — Action, Adventure, RPG
[1776/9863] NBA 2K22 — verified — Simulation, Sports
[1777/9863] Deepest Sword — playable — Indie
[1778/9863] Returnal™ — unsupported — Action
[1779/9863] Hero's Hour — verified — RPG, Strategy
[1780/9863] Slime Rancher 2 — verified — Action, Adventure, Casual, Indie, Simulation
[1781/9863] Age of Wonders 4 — playable — RPG, Strategy
[1782/9863] Volcano Princess — playable — Casual, Indie, RPG, Simulation, Strategy
[1783/9863] DELTARUNE — verified — Indie, RPG
[1784/9863] Minecraft Dungeons — unsupported — Action, Adventure, RPG
[1785/9863] ELYON — unsupported — Action, Adventure, Free To Play, Massively Multiplayer
[1786/9863] Company of Heroes 3 — playable — Action, Strategy
[1787/9863] RoboCop: Rogue City — playable — Action, Adventure
[1788/9863] Bopl Battle — playable — Action
[1789/9863] F1® 22 — verified — Racing, Sports
[1790/9863] Dead Space — playable — Action, Adventure
[1791/9863] The Stanley Parable: Ultra Deluxe — verified — Adventure, Casual, Indie
[1792/9863] Crysis Remastered — playable — Action
[1793/9863] ASTLIBRA Revision — verified — Action, Adventure, RPG
[1794/9863] The Operator — verified — Adventure, Indie, Simulation
[1795/9863] Soccer Manager 2022 — unknown — Sports, Free To Play
[1796/9863] ZERO Sievert — verified — Action, Adventure, Indie
[1797/9863] Marauders — unsupported — Action, Early Access
[1798/9863] Nine Sols — verified — Action, Adventure, Indie
[1799/9863] Nobody - The Turnaround — unknown — Simulation, Strategy, Early Access
[1800/9863] DSX — unsupported — Action, Adventure, Indie, Simulation, Utilities
[1801/9863] Rogue Tower — playable — Casual, Strategy
[1802/9863] Need for Speed™ Unbound — unsupported — Action, Racing
[1803/9863] Ghost Watchers — playable — Adventure
[1804/9863] Legend of Mortal — playable — Adventure, Indie, RPG, Strategy
[1805/9863] Undawn — unsupported — Adventure, Massively Multiplayer, RPG, Free To Play
[1806/9863] ASKA — playable — Adventure, Simulation, Strategy, Early Access
[1807/9863] Knightfall: A Daring Journey — playable — Action, Indie, Racing, Free To Play
[1808/9863] NBA 2K23 — verified — Simulation, Sports
[1809/9863] Plants vs. Zombies™ Garden Warfare 2: Deluxe Edition — unsupported — Action, Casual, Strategy
[1810/9863] Age of Mythology: Retold — playable — Strategy
[1811/9863] Darkest Dungeon® II — verified — Indie, RPG, Strategy
[1812/9863] Necrosmith — playable — Adventure, Indie, Simulation, Strategy
[1813/9863] Kena: Bridge of Spirits — verified — Action, Adventure, Indie
[1814/9863] Backpack Hero — verified — Adventure, Casual, Indie, RPG, Strategy
[1815/9863] Mortal Kombat 1 — verified — Action
[1816/9863] Call of Duty®: Black Ops Cold War — unsupported — Action
[1817/9863] Slay the Princess — The Pristine Cut — verified — Adventure, Indie, RPG, Simulation
[1818/9863] Call of Duty®: Modern Warfare® — unsupported — Action
[1819/9863] GoreBox — unsupported — Action, Casual, Indie, Simulation
[1820/9863] Enlisted — playable — Action, Massively Multiplayer, Free To Play
[1821/9863] Judgment — verified — Action, Adventure
[1822/9863] Lost Judgment — verified — Action, Adventure
[1823/9863] Soulstone Survivors — playable — Action, Indie, RPG
[1824/9863] Crysis 2 Remastered — verified — Action
[1825/9863] Magicraft — verified — Action, Adventure, Indie, RPG
[1826/9863] F1® 23 — playable — Racing, Sports
[1827/9863] SILENT HILL 2 — unsupported — Action, Adventure
[1828/9863] Elin — playable — Indie, RPG, Simulation, Strategy, Early Access
[1829/9863] Sifu — verified — Action, Indie
[1830/9863] Stronghold: Definitive Edition — playable — Simulation, Strategy
[1831/9863] Town of Salem 2 — playable — Action, Casual, RPG, Strategy, Free To Play
[1832/9863] Backrooms: Escape Together — playable — Action, Adventure, Casual, Indie, Early Access
[1833/9863] Fields of Mistria — verified — Indie, RPG, Simulation, Early Access
[1834/9863] Persona 3 Reload — verified — Adventure, RPG, Strategy
[1835/9863] Yet Another Zombie Survivors — verified — Action, Casual, Indie, RPG, Early Access
[1836/9863] DR LIVESEY ROM AND DEATH EDITION — verified — Action, Adventure, Indie, RPG, Simulation
[1837/9863] Tiny Glade — verified — Casual, Indie, Simulation
[1838/9863] Furry Killer — unknown — Action
[1839/9863] Assassin's Creed Valhalla — playable — Action, Adventure, RPG
[1840/9863] Your Only Move Is HUSTLE — playable — Action, Indie, Simulation, Strategy
[1841/9863] Halls of Torment — verified — Action, Indie, RPG
[1842/9863] Tom Clancy’s The Division® 2 — playable — Action, Adventure, RPG
[1843/9863] Tom Clancy's Ghost Recon® Breakpoint — unsupported — Action, Adventure
[1844/9863] Thronefall — verified — Action, Indie, Strategy
[1845/9863] Riders Republic — unsupported — Massively Multiplayer, Sports
[1846/9863] We Were Here Expeditions: The FriendShip — verified — Adventure, Casual, Indie
[1847/9863] Farming Simulator 25 — playable — Simulation
[1848/9863] Deep Rock Galactic: Survivor — verified — Action
[1849/9863] Feed the Cups — playable — Casual, Indie, Simulation, Early Access
[1850/9863] NBA 2K24 — playable — Simulation, Sports
[1851/9863] Far Cry® 6 — playable — Action, Adventure
[1852/9863] not available — playable — Adventure, Casual, Indie, Simulation
[1853/9863] DYNASTY WARRIORS: ORIGINS — playable — Action, RPG, Strategy
[1854/9863] Zombie Defense: The Last Frontier — unknown — Action, Massively Multiplayer
[1855/9863] Bodycam — unsupported — Action, Indie, Massively Multiplayer, Simulation, Strategy, Early Access
[1856/9863] Luma Island — verified — Adventure, Casual, Indie, RPG, Simulation
[1857/9863] Horizon Forbidden West™ Complete Edition — unsupported — Action, RPG
[1858/9863] Backpack Battles — verified — Strategy
[1859/9863] SMITE 2 — playable — Action, Adventure, Casual, Massively Multiplayer, RPG, Strategy, Free To Play, Early Access
[1860/9863] Forza Motorsport — unsupported — Racing
[1861/9863] inZOI — unsupported — Adventure, Casual, Simulation, Early Access
[1862/9863] LIZARDS MUST DIE — playable — Action, Adventure, Indie, Massively Multiplayer
[1863/9863] The Hungry Lamb: Traveling in the Late Ming Dynasty — verified — Adventure, Indie, RPG
[1864/9863] Metaphor: ReFantazio — playable — Action, Adventure, RPG
[1865/9863] Cursed Dawn — unknown — Action, Indie, Strategy
[1866/9863] Age of History 3 — playable — Simulation, Strategy
[1867/9863] LOCKDOWN Protocol — playable — Action, Casual, Indie, Strategy
[1868/9863] Kingdom Rush 5: Alliance TD — playable — Indie, Strategy
[1869/9863] NBA 2K25 — verified — Simulation, Sports
[1870/9863] DOOM: The Dark Ages — verified — Action
[1871/9863] Sultan's Game — verified — Adventure, Indie, RPG, Simulation, Strategy
[1872/9863] A Game About Digging A Hole™ — verified — Adventure, Indie
[1873/9863] Ricochet — playable — Action
[1874/9863] Earth 2160 — playable — Strategy
[1875/9863] Quake III Arena — unsupported — Action
[1876/9863] Quake 4 — playable — Action
[1877/9863] Wolfenstein 3D — playable — Action
[1878/9863] Final DOOM — unsupported — Action
[1879/9863] Vampire: The Masquerade - Bloodlines — unsupported — Action
[1880/9863] Call of Duty® (2003) — playable — Action
[1881/9863] X3: Reunion — unsupported — Strategy
[1882/9863] X3: Terran Conflict — playable — Action, Simulation, Strategy
[1883/9863] X Rebirth — playable — Action, Simulation
[1884/9863] Call of Juarez — unsupported — Action
[1885/9863] Insaniquarium Deluxe — playable — Casual
[1886/9863] Zuma Deluxe — playable — Casual
[1887/9863] Peggle Deluxe — playable — Casual
[1888/9863] Peggle Extreme — playable — Casual, Free To Play
[1889/9863] Sid Meier's Pirates! — unsupported — RPG
[1890/9863] Rome: Total War™ - Alexander — playable — Strategy
[1891/9863] Bloodline Champions — unsupported — Action, Free To Play, Massively Multiplayer
[1892/9863] Commandos: Behind Enemy Lines — unsupported — Action
[1893/9863] Commandos 2: Men of Courage — unknown — Strategy
[1894/9863] Commandos 3: Destination Berlin — unknown — Action
[1895/9863] Battlestations: Midway — unknown — Action
[1896/9863] Tomb Raider: Legend — playable — Action, Adventure
[1897/9863] Sid Meier's Railroads! — playable — Strategy
[1898/9863] X-COM: Terror From the Deep — unsupported — Strategy
[1899/9863] X-COM: Apocalypse — unsupported — Strategy
[1900/9863] Men of War™ — playable — Strategy
[1901/9863] Kane and Lynch: Dead Men™ — unsupported — Action
[1902/9863] Tomb Raider: Underworld — unsupported — Action, Adventure
[1903/9863] Battlestations Pacific — unsupported — Action, Strategy
[1904/9863] RACE 07 — playable — Racing
[1905/9863] Civilization IV: Beyond the Sword — unsupported — Strategy
[1906/9863] FAIL DOOM 3: duplicate key value violates unique constraint "games_slug_unique"
[1907/9863] Master Levels for Doom II — playable — Action
[1908/9863] Warhammer® 40,000: Dawn of War® – Winter Assault — unsupported — Strategy
[1909/9863] Overlord™ — playable — RPG
[1911/9863] Manhunt — playable — Action
[1912/9863] FlatOut: Ultimate Carnage Collector's Edition — verified — Racing
[1913/9863] Overlord™: Raising Hell — unsupported — RPG
[1914/9863] Tom Clancy's Splinter Cell® — playable — Action
[1915/9863] Tom Clancy's Splinter Cell Chaos Theory® — unsupported — Action
[1916/9863] Prince of Persia®: The Sands of Time — playable — Action, Adventure
[1917/9863] Tom Clancy's Rainbow Six® Vegas 2 — unsupported — Action
[1918/9863] Heroes of Might & Magic V — unsupported — Strategy
[1919/9863] Oddworld: Abe's Oddysee® — playable — Adventure
[1920/9863] SPORE™ Creepy & Cute Parts Pack — unsupported — Simulation
[1921/9863] Defense Grid: The Awakening — playable — Indie, Strategy
[1922/9863] Prince of Persia® — playable — Action, Adventure
[1924/9863] Alien Breed: Impact — playable — Action
[1925/9863] Alien Breed 2: Assault — playable — Action
[1926/9863] SimCity™ 4 Deluxe Edition — playable — Simulation, Strategy
[1927/9863] Command & Conquer: Red Alert 3 - Uprising — playable — Action, Strategy, Free To Play
[1928/9863] Medal of Honor: Airborne — unsupported — Action
[1929/9863] Europa Universalis III Complete — unsupported — Strategy
[1930/9863] Hearts of Iron III — unsupported — Strategy
[1931/9863] King's Bounty: The Legend — playable — RPG, Strategy
[1932/9863] Cogs — playable — Casual, Indie
[1933/9863] Crayon Physics Deluxe — playable — Casual, Indie
[1934/9863] Back to the Future: The Game — playable — Adventure
[1935/9863] STAR WARS™ Jedi Knight - Mysteries of the Sith™ — unsupported — Action
[1936/9863] LEGO® Star Wars™ III - The Clone Wars™ — verified — Action, Adventure
[1937/9863] Alien Shooter — unsupported — Action, Indie, RPG
[1938/9863] Alien Shooter: Revisited — unsupported — Action, Indie, RPG
[1939/9863] Alien Shooter 2: Reloaded — playable — Action, Indie, RPG
[1940/9863] Alpha Protocol™ — playable — Action, RPG
[1941/9863] Bad Rats: the Rats' Revenge — unknown — Indie
[1942/9863] Lara Croft and the Guardian of Light — unsupported — Action, Adventure
[1943/9863] Fallout Tactics: Brotherhood of Steel — unsupported — Strategy
[1944/9863] Toki Tori — unknown — Casual, Indie
[1945/9863] FINAL FANTASY VIII — playable — RPG
[1947/9863] Gothic II: Gold Edition — unsupported — Action, RPG
[1948/9863] The Guild II — unknown — Simulation, Strategy
[1949/9863] The Guild II Renaissance — unsupported — Simulation, Strategy
[1950/9863] ArcaniA — unsupported — RPG
[1951/9863] Supreme Commander 2 — playable — Strategy
[1952/9863] AI War: Fleet Command — playable — Indie, Strategy
[1953/9863] Stronghold HD (2012) — unsupported — Simulation, Strategy
[1954/9863] Stronghold 2: Steam Edition — unsupported — Simulation, Strategy
[1955/9863] Hammerfight — unknown — Action, Indie
[1956/9863] Operation Flashpoint: Red River — unknown — Action, Strategy
[1957/9863] Dead Rising® 2 — playable — Action, Adventure
[1958/9863] Stronghold 3 Gold — unknown — Simulation, Strategy
[1959/9863] Aliens: Colonial Marines Collection — playable — Action
[1960/9863] Dungeons — unsupported — RPG, Strategy
[1961/9863] ARMA: Gold Edition — playable — Action, Simulation, Strategy
[1962/9863] VVVVVV — verified — Action, Indie
[1963/9863] Recettear: An Item Shop's Tale — unsupported — RPG, Indie
[1964/9863] Worms Ultimate Mayhem — unsupported — Strategy
[1965/9863] Sonic Adventure DX — unsupported — 
[1966/9863] E.Y.E: Divine Cybermancy — playable — Action, Indie, RPG
[1967/9863] Jamestown — verified — Action, Indie
[1968/9863] Nidhogg — verified — Action, Indie, Sports
[1969/9863] Puzzle Agent 2 — playable — Action, Adventure, Casual
[1970/9863] Capsized — playable — Action, Indie
[1971/9863] Frozen Synapse — unsupported — Indie, Strategy
[1972/9863] Hard Reset Extended Edition — playable — Action, Indie
[1973/9863] Dungeons of Dredmor — playable — Casual, Indie, RPG
[1974/9863] Puzzle Pirates — unsupported — Adventure, Casual, Free To Play, Massively Multiplayer, Strategy
[1975/9863] Shank 2 — verified — Action, Adventure, Indie
[1976/9863] BEEP — unsupported — Adventure, Indie
[1977/9863] Space Pirates and Zombies — playable — Action, Indie, RPG, Strategy
[1978/9863] Ticket to Ride: Classic Edition — playable — Casual, Indie, Strategy
[1979/9863] Memoir '44 Online — unknown — Casual, Simulation, Strategy
[1980/9863] Stacking — playable — Adventure, Indie
[1981/9863] Cave Story+ — playable — Action, Adventure, Indie
[1982/9863] Sonic CD — playable — 
[1983/9863] Galactic Civilizations® II: Ultimate Edition — unsupported — Indie, Strategy
[1984/9863] Sonic the Hedgehog 4 - Episode I — unsupported — 
[1985/9863] The Bridge — verified — Adventure, Casual, Indie, Strategy
[1986/9863] The Testament of Sherlock Holmes — playable — Adventure
[1987/9863] Tiny and Big: Grandpa's Leftovers — playable — Indie
[1988/9863] Rayman® Origins — playable — Action, Adventure
[1989/9863] Botanicula — verified — Adventure, Casual, Indie
[1990/9863] Apotheon — verified — Action, Adventure, Indie, RPG
[1991/9863] Strike Suit Zero — playable — Action, Indie, Simulation
[1992/9863] Call of Duty®: Advanced Warfare - Gold Edition — verified — Action
[1993/9863] Deadlight — playable — Action, Adventure, Indie
[1994/9863] Thief II: The Metal Age — unsupported — Action, Simulation
[1995/9863] Tom Clancy's Ghost Recon: Future Soldier™ — playable — Action
[1996/9863] Dwarfs - F2P — unsupported — Casual, Free To Play, Indie, Strategy
[1997/9863] Magic 2014 — Duels of the Planeswalkers — verified — Strategy
[1998/9863] Minimum — playable — Action
[1999/9863] Guacamelee! Gold Edition — verified — Action, Adventure, Indie
[2000/9863] Painkiller Hell & Damnation — playable — Action
[2001/9863] Primal Carnage — playable — Action, Indie
[2002/9863] Rocketbirds: Hardboiled Chicken — unknown — Adventure, Indie
[2003/9863] Jagged Alliance 2 - Wildfire — unknown — RPG, Strategy
[2004/9863] Defender's Quest: Valley of the Forgotten (DX edition) — playable — Indie, RPG, Strategy
[2005/9863] Planets Under Attack — playable — Indie, Strategy
[2006/9863] Pid — verified — Adventure, Indie
[2007/9863] Mercenary Kings: Reloaded Edition — verified — Action, Adventure, Indie, RPG
[2008/9863] Divinity II: Developer's Cut — unsupported — RPG
[2009/9863] Chaos on Deponia — playable — Adventure, Indie
[2010/9863] Thomas Was Alone — unsupported — Indie
[2011/9863] McPixel — playable — Action, Adventure, Indie
[2012/9863] Little Inferno — verified — Adventure, Casual, Indie
[2013/9863] Champions of Regnum — unknown — Free To Play, Indie, Massively Multiplayer, RPG
[2014/9863] Wargame: Airland Battle — playable — Indie, Simulation, Strategy
[2015/9863] THE KING OF FIGHTERS XIII STEAM EDITION — verified — Action
[2016/9863] Legacy of Kain: Defiance (2003) — unsupported — Action, Adventure
[2017/9863] Legacy of Kain: Soul Reaver — unsupported — Action, Adventure
[2018/9863] Legacy of Kain: Soul Reaver 2 (2001) — unsupported — Action, Adventure
[2019/9863] Tomb Raider I (1996) — unsupported — Action, Adventure
[2020/9863] Blade Symphony — playable — Action, Indie
[2021/9863] F1 2014 — unsupported — Racing, Sports
[2022/9863] LOST PLANET® 3 — verified — Action
[2023/9863] Kingdom Wars — unsupported — Free To Play, Indie, Massively Multiplayer, RPG, Simulation, Strategy
[2024/9863] Dungeons & Dragons: Chronicles of Mystara — playable — Action, Adventure, RPG
[2025/9863] War for the Overworld — playable — Indie, Simulation, Strategy
[2026/9863] Cities XL Platinum — playable — Simulation
[2027/9863] The Swapper — verified — Action, Adventure, Indie
[2028/9863] Gone Home — verified — Adventure, Indie
[2029/9863] TrackMania² Stadium — playable — Racing, Sports
[2030/9863] Sword of the Stars: The Pit — unknown — Casual, Indie, RPG, Strategy
[2031/9863] Worms Clan Wars — playable — Strategy
[2032/9863] UnEpic — playable — Action, Indie, RPG
[2033/9863] Castlevania: Lords of Shadow – Ultimate Edition — verified — Action, Adventure
[2034/9863] Ken Follett's The Pillars of the Earth — unsupported — Adventure, Casual, Indie
[2035/9863] Teleglitch: Die More Edition — playable — Action, Indie
[2036/9863] Rising Storm Game of the Year Edition — unknown — Action
[2037/9863] STRIDER™ / ストライダー飛竜® — verified — Action, Adventure
[2038/9863] Interstellar Marines — unknown — Action, Indie, RPG, Simulation, Early Access
[2039/9863] DARK SOULS™ II — playable — Action, RPG
[2040/9863] DuckTales: Remastered — verified — Action, Adventure, Casual
[2041/9863] Final Fantasy III (3D Remake) — playable — RPG
[2042/9863] Castlevania: Lords of Shadow 2 — verified — Action, Adventure
[2043/9863] Q.U.B.E: Director's Cut — playable — Action, Adventure, Indie
[2045/9863] The Crew™ — unsupported — Action, Massively Multiplayer, Racing
[2046/9863] Nuclear Throne — verified — Action, Indie, RPG
[2047/9863] Sir, You Are Being Hunted — unsupported — Action, Indie
[2049/9863] Bound By Flame — playable — Action, RPG
[2050/9863] Rise of Flight United — unsupported — Simulation, Free To Play
[2051/9863] Sid Meier’s Ace Patrol: Pacific Skies — verified — Casual, Strategy
[2052/9863] ENSLAVED™: Odyssey to the West™ Premium Edition — verified — Action, Adventure
[2053/9863] Democracy 3 — unsupported — Indie, Simulation, Strategy
[2054/9863] Sacred 3 — verified — Action, RPG
[2055/9863] Megabyte Punch — verified — Action, Adventure, Indie
[2056/9863] NEO Scavenger — playable — Indie, RPG, Strategy
[2057/9863] Teslagrad — playable — Indie
[2058/9863] FORCED: Slightly Better Edition — playable — Action, Adventure, Indie, RPG
[2059/9863] Blockland — playable — Action, Indie, Simulation
[2060/9863] The Plan — playable — Casual, Free To Play, Indie
[2061/9863] The Legend of Heroes: Trails in the Sky — playable — RPG
[2062/9863] Death Road to Canada — verified — Action, Indie, RPG
[2063/9863] A Hat in Time — verified — Adventure, Indie
[2064/9863] Stonehearth — playable — Indie, Simulation, Strategy
[2065/9863] CastleMiner Z — unsupported — Action, Adventure, Indie
[2066/9863] Septerra Core — playable — RPG
[2067/9863] Silent Storm Gold Edition — playable — Action, RPG, Strategy
[2068/9863] Deus Ex: The Fall — playable — Action, Adventure, RPG
[2069/9863] The Vanishing of Ethan Carter — playable — Adventure, Indie
[2070/9863] Scania Truck Driving Simulator — playable — Indie, Simulation
[2071/9863] The Four Kings Casino and Slots — playable — Casual, Massively Multiplayer, Simulation, Free To Play
[2072/9863] Lethal League — verified — Action, Indie, Sports
[2073/9863] Broken Sword 5 - the Serpent's Curse — playable — Adventure
[2074/9863] Turbo Dismount™ — playable — Action, Indie, Simulation
[2075/9863] Pixel Piracy — unknown — Adventure, Indie, RPG, Simulation
[2076/9863] Viscera Cleanup Detail: Santa's Rampage — playable — Gore, Indie, Simulation
[2077/9863] Lords Of The Fallen™ 2014 — unsupported — Action, RPG
[2078/9863] One Way Heroics — playable — Indie, RPG
[2079/9863] GameGuru Classic — unsupported — Animation & Modeling, Design & Illustration, Education, Software Training, Utilities, Game Development
[2080/9863] iRacing — unknown — Massively Multiplayer, Racing, Simulation, Sports
[2081/9863] The LEGO® Movie - Videogame — verified — Action, Adventure
[2082/9863] Heat Signature — unsupported — Action, Adventure, Indie, Strategy
[2083/9863] From the Depths — playable — Action, Adventure, Indie, Simulation, Strategy
[2084/9863] Secrets of Grindea — verified — Action, Adventure, Indie, RPG
[2085/9863] Reversion - The Escape (1st Chapter) — unknown — Adventure, Casual, Indie
[2086/9863] Car Mechanic Simulator 2014 — playable — Simulation
[2087/9863] The Incredible Adventures of Van Helsing II — playable — Action, Adventure, Indie, RPG
[2088/9863] NARUTO SHIPPUDEN: Ultimate Ninja STORM Revolution — unsupported — Action, Adventure
[2089/9863] Gods Will Be Watching — playable — Adventure, Indie
[2090/9863] Brigador: Up-Armored Edition — playable — Action, Indie
[2091/9863] Halo: Spartan Assault — playable — Action
[2092/9863] Assassin's Creed Freedom Cry — playable — Action, Adventure
[2093/9863] Skyborn — unknown — Casual, RPG
[2094/9863] Hover — unknown — Action, Adventure
[2095/9863] Dark Shadows - Army of Evil — unsupported — Action, Indie, RPG
[2096/9863] Homeworld: Deserts of Kharak — playable — Strategy
[2097/9863] Hyperdimension Neptunia Re;Birth1 — verified — RPG, Strategy
[2098/9863] Heroine's Quest: The Herald of Ragnarok — playable — Adventure, Indie, RPG, Free To Play
[2099/9863] Pixel Puzzles: Japan — verified — Casual, Indie, Simulation
[2100/9863] RollerCoaster Tycoon®: Deluxe — unsupported — Simulation, Strategy
[2101/9863] COH 2 - The Western Front Armies: US Forces — unknown — Strategy
[2102/9863] Mortal Online — playable — Action, Free To Play, Indie, Massively Multiplayer, RPG
[2103/9863] LARA CROFT AND THE TEMPLE OF OSIRIS™ — unsupported — Action, Adventure
[2104/9863] Rebel Galaxy — playable — Action, Adventure, Indie, RPG, Simulation
[2105/9863] My Lands: Black Gem Hunting — playable — Casual, Free To Play, Indie, Massively Multiplayer, Strategy
[2106/9863] Duelyst — unknown — Free To Play, Indie, Strategy
[2107/9863] Street Racing Syndicate — playable — Racing
[2108/9863] Card Hunter — playable — RPG, Strategy, Free To Play
[2109/9863] Guns and Robots — unsupported — Action, Indie, Massively Multiplayer, RPG
[2110/9863] Automation - The Car Company Tycoon Game — playable — Indie, Racing, Simulation, Strategy, Early Access
[2111/9863] Crawl — verified — Action, Indie, RPG
[2112/9863] Loot Hero DX — verified — Action, Adventure, Casual, Indie, RPG
[2113/9863] Never Alone (Kisima Ingitchuna) — verified — Action, Adventure, Casual, Indie
[2114/9863] Dreaming Sarah — verified — Adventure, Casual, Indie
[2115/9863] The Culling Of The Cows — playable — Action, Casual, Indie, Strategy
[2116/9863] Master of Orion — playable — Strategy
[2117/9863] Eldevin — playable — Casual, Free To Play, Indie, Massively Multiplayer, RPG
[2118/9863] The Desolate Hope — playable — Action, Adventure, Indie, RPG
[2119/9863] Space Hulk: Deathwing — playable — Action, Adventure
[2120/9863] Miscreated — unsupported — Action, Adventure, Indie, Massively Multiplayer, RPG, Simulation, Strategy
[2121/9863] Divine Souls F2P MMO — unknown — Action, Adventure, Free To Play, Indie, Massively Multiplayer, RPG, Strategy
[2122/9863] Screencheat — playable — Action, Indie
[2123/9863] Of Guards And Thieves — playable — Action, Casual, Free To Play, Indie, Massively Multiplayer, Racing, Strategy, Early Access
[2124/9863] The Beginner's Guide — playable — Adventure, Indie
[2125/9863] Suicide Guy — verified — Action
[2126/9863] Agents of Mayhem — unsupported — Action
[2127/9863] Train Fever — unknown — Casual, Indie, Simulation
[2128/9863] Velvet Sundown — unsupported — Adventure, Casual, Indie, RPG, Free To Play
[2129/9863] IL-2 Sturmovik: Battle of Stalingrad — unsupported — Action, Simulation
[2130/9863] The Guild 3 — playable — RPG, Simulation, Strategy
[2131/9863] DEAD OR ALIVE 5 Last Round: Core Fighters — unsupported — Action
[2132/9863] Order of Battle: World War II — playable — Simulation, Strategy, Free To Play
[2133/9863] Mountain — playable — Casual, Indie, RPG, Simulation
[2134/9863] LEGO® Batman™ 3: Beyond Gotham — verified — Action, Adventure
[2135/9863] Sunrider: Mask of Arcadius — verified — Indie, RPG, Strategy, Free To Play
[2136/9863] Pool Nation FX Lite — unknown — Casual, Free To Play, Indie, Simulation, Sports, Strategy
[2137/9863] Morphopolis — verified — Adventure, Casual, Indie
[2138/9863] Rampage Knights — playable — Action, Adventure, Indie, RPG
[2139/9863] SpaceEngine — unsupported — Casual, Indie, Simulation, Early Access
[2140/9863] Oddworld: New 'n' Tasty — playable — Action, Adventure, Indie
[2141/9863] Age of Conquest IV — unknown — Indie, Strategy, Free To Play
[2142/9863] Suicide Squad: Kill the Justice League — playable — Action
[2143/9863] Grim Fandango Remastered — playable — Adventure
[2144/9863] Squishy the Suicidal Pig — verified — Adventure, Indie
[2145/9863] The Flame in the Flood — unsupported — Action, Adventure, Indie
[2146/9863] Hazard Ops — unknown — Action, Free To Play
[2147/9863] Moon Hunters — playable — Adventure, Indie, RPG
[2148/9863] UNLOVED — playable — Action
[2149/9863] Supraball — unknown — Action, Casual, Indie, Sports, Free To Play
[2150/9863] SteamWorld Heist — verified — RPG, Strategy
[2151/9863] Tharsis — verified — Casual, Indie, RPG, Strategy
[2152/9863] Bus Simulator 16 — playable — Simulation
[2153/9863] Shroud of the Avatar: Forsaken Virtues — unknown — Adventure, Free To Play, Massively Multiplayer, RPG
[2154/9863] Windward — unknown — Action, Adventure, Indie, RPG
[2155/9863] Killing Floor - Toy Master — unknown — Action
[2156/9863] Gloria Victis: Medieval MMORPG — playable — Action, Adventure, Indie, Massively Multiplayer, RPG, Simulation
[2157/9863] A Bird Story — playable — Adventure, Indie, RPG
[2158/9863] CaesarIA — unknown — Free To Play, Indie, Strategy, Early Access
[2159/9863] Rise to Ruins — playable — Indie, Simulation, Strategy
[2160/9863] SpyParty — playable — Action, Indie, Simulation, Strategy, Early Access
[2161/9863] GRAV — playable — Action, Adventure, Indie, RPG, Early Access
[2162/9863] NEKOPARA Vol. 1 — playable — Casual, Indie
[2163/9863] Caves of Qud — verified — Adventure, Indie, RPG, Strategy
[2164/9863] Medieval Engineers — unknown — Action, Indie, Simulation, Strategy
[2165/9863] Plebby Quest: The Crusades — playable — Action, Adventure, Casual, Indie, RPG, Simulation, Strategy
[2166/9863] Zero-K — unsupported — Indie, Simulation, Strategy, Free To Play
[2167/9863] LISA: The Painful — playable — Adventure, Indie, RPG
[2168/9863] Anno Online — unsupported — Free To Play, Simulation, Strategy
[2169/9863] Finding Paradise (To the Moon 2) — playable — Adventure, Indie, RPG
[2170/9863] Batla — unknown — Action, Free To Play
[2171/9863] Navy Field 2 : Conqueror of the Ocean — unknown — Action, Free To Play, Massively Multiplayer, RPG, Simulation, Strategy
[2172/9863] Survivalist — verified — Action, Adventure, Indie, RPG, Simulation, Strategy
[2173/9863] TDP4: Team Battle — unknown — Action, Adventure, Massively Multiplayer, Free To Play
[2174/9863] The Corridor: On Behalf Of The Dead — unknown — Action, Adventure, Indie
[2175/9863] Mad Games Tycoon — playable — Casual, Indie, Simulation, Strategy
[2176/9863] Greyfox RPG — unsupported — Adventure, Indie, RPG
[2177/9863] Destination Sol — unknown — Action, Indie, RPG, Free To Play
[2178/9863] Cat Goes Fishing — playable — Casual, Indie, Simulation
[2179/9863] Reign Of Kings — unsupported — Action, Adventure, Indie, RPG, Simulation
[2180/9863] Audition Online — unknown — Casual, Massively Multiplayer, Free To Play
[2181/9863] Pixel Puzzles Ultimate Jigsaw Puzzles — playable — Casual, Indie, Simulation, Strategy, Free To Play
[2182/9863] Crazy Machines 3 — unsupported — Simulation, Strategy
[2183/9863] Time of Dragons — unknown — Action, Free To Play, Indie, Massively Multiplayer, Simulation
[2184/9863] Steam Link — unknown — 
[2185/9863] Train Valley — unknown — Action, Adventure, Casual, Indie, Simulation, Strategy
[2186/9863] The Settlers Online — unknown — Free To Play, Simulation, Strategy
[2187/9863] Styx: Shards of Darkness — unsupported — Action, Adventure
[2188/9863] STAR WARS™ Galactic Battlegrounds Saga — unsupported — Action, Strategy
[2189/9863] Party Hard — playable — Action, Indie, Strategy
[2190/9863] Eron — playable — Indie
[2191/9863] ULTIMATE MARVEL VS. CAPCOM 3 — verified — Action
[2192/9863] The Incredible Adventures of Van Helsing III — unsupported — Action, Adventure, Indie, RPG
[2193/9863] Downwell — verified — Action, Adventure, Casual, Indie
[2194/9863] Garfield Kart — playable — Racing
[2195/9863] Escape Machines — unknown — Action, Adventure, Indie, RPG, Strategy, Early Access
[2196/9863] RPG Maker MV — playable — RPG, Design & Illustration, Education, Web Publishing, Game Development
[2197/9863] Dead Age — unknown — Action, Adventure, Casual, Indie, RPG, Simulation, Strategy
[2198/9863] Face It - A game to fight inner demons — unknown — Action, Adventure, Indie
[2199/9863] rFactor 2 — unsupported — Racing, Simulation, Sports
[2200/9863] The Darkside Detective — verified — Adventure, Casual, Indie
[2201/9863] Despair — unknown — Action, Adventure, Indie
[2202/9863] Gremlins, Inc. — verified — Indie, Strategy
[2203/9863] TIS-100 — unsupported — Indie, Simulation
[2204/9863] Barony — verified — Action, Adventure, Indie, RPG
[2205/9863] Tales of Symphonia — verified — RPG
[2206/9863] The Lost Mythologies — unknown — Action, Free To Play
[2207/9863] New kind of adventure — playable — Adventure, Indie, RPG, Early Access
[2208/9863] Football, Tactics & Glory — verified — Simulation, Sports, Strategy
[2209/9863] Human Resource Machine — verified — Casual, Indie, Simulation
[2210/9863] Viridi — playable — Casual, Indie, Simulation, Free To Play
[2211/9863] Nomad — unknown — Action, Adventure, Indie, Massively Multiplayer, RPG, Free To Play, Early Access
[2212/9863] Pixel Starships — verified — Casual, Indie, Massively Multiplayer, RPG, Simulation, Strategy, Free To Play
[2213/9863] Dragon Saga — unsupported — Action, Adventure, Casual, Massively Multiplayer, Racing, RPG, Free To Play
[2214/9863] Virtual Desktop Classic — unsupported — Utilities
[2215/9863] Journey To The Center Of The Earth — unknown — Adventure, Casual, Free To Play, Indie
[2216/9863] Eco — playable — Indie, Simulation, Early Access
[2217/9863] Hot Lava — playable — Action, Adventure, Indie, Racing
[2218/9863] Hue — playable — Adventure, Indie
[2219/9863] Prominence Poker — verified — Casual, Massively Multiplayer, Simulation, Strategy, Free To Play
[2220/9863] NECROPOLIS: BRUTAL EDITION — verified — Action, Adventure, Indie
[2221/9863] Atonement: Scourge of Time — unknown — Adventure, Indie, RPG
[2222/9863] Guardians of Victoria — unknown — Casual
[2223/9863] WWE 2K16 — verified — Simulation, Sports
[2224/9863] Vendetta - Curse of Raven's Cry — unsupported — Action, Indie, RPG
[2225/9863] Cook, Serve, Delicious! 2!! — verified — Action, Indie, Simulation, Strategy
[2226/9863] the static speaks my name — unknown — Adventure, Indie, RPG, Free To Play
[2227/9863] Day of the Tentacle Remastered — playable — Adventure
[2228/9863] Oxenfree — verified — Adventure, Indie
[2229/9863] Crashlands — verified — Action, Adventure, Indie, RPG
[2230/9863] Insanity Clicker — verified — Adventure, Casual, Free To Play, Indie, RPG, Simulation, Strategy
[2231/9863] Tower Unite — unsupported — Action, Adventure, Casual, Indie, Massively Multiplayer, Racing
[2232/9863] Secret Of Magia — unknown — Action, Adventure, Indie, RPG
[2233/9863] Timberman — verified — Action, Casual, Indie
[2234/9863] Epistory - Typing Chronicles — playable — Action, Adventure, Indie
[2235/9863] The Deer — playable — Adventure, Indie
[2236/9863] Rabi-Ribi — verified — Action, Adventure, Casual, Indie
[2237/9863] Budget Cuts — unsupported — Action, Adventure, Indie
[2238/9863] Dinosaur Hunt — unknown — Action, Adventure, Indie, Simulation
[2239/9863] POSTAL Redux — playable — Action, Indie
[2240/9863] Hyperdrive Massacre — playable — Action, Casual, Indie
[2241/9863] Tabletopia — unsupported — Casual, Indie, RPG, Simulation, Strategy, Free To Play
[2242/9863] Osiris: New Dawn — playable — Action, Adventure, Indie, RPG
[2243/9863] Crusaders of the Lost Idols — playable — Casual, Free To Play, Indie
[2244/9863] Eaten Alive — playable — Indie
[2245/9863] Clergy Splode — unknown — Action, Indie
[2246/9863] Disgaea PC — verified — RPG
[2247/9863] The Uncertain: Last Quiet Day — playable — Adventure, Indie
[2248/9863] Tank Mechanic Simulator — playable — Action, Adventure, Casual, Indie, Simulation
[2249/9863] X-Morph: Defense — playable — Action, Indie, Strategy
[2250/9863] Unfortunate Spacemen — unknown — Action, Indie, Strategy, Free To Play
[2251/9863] Ampersand — unknown — Indie, Racing
[2252/9863] Liftoff®: FPV Drone Racing — playable — Indie, Racing, Simulation, Sports
[2253/9863] System Shock: Enhanced Edition — playable — Action, Adventure, RPG
[2254/9863] Metal War Online: Retribution — unknown — Action, Free To Play, Massively Multiplayer, Racing, Early Access
[2255/9863] Motorsport Manager — playable — Racing, Simulation, Sports, Strategy
[2256/9863] Subsistence — playable — Action, Early Access
[2257/9863] Rising Storm 2: Vietnam — unknown — Action, Massively Multiplayer, Simulation, Strategy
[2258/9863] NEKOPARA Vol. 2 — unsupported — Casual, Indie
[2259/9863] Blackwake — playable — Action, Casual, Indie, Strategy, Free To Play
[2260/9863] Firefighting Simulator - The Squad — unsupported — Action, Simulation
[2261/9863] The Deed — unsupported — Adventure, RPG
[2262/9863] Deponia Doomsday — playable — Adventure, Indie
[2263/9863] Samorost 3 — verified — Adventure, Casual, Indie
[2264/9863] ShipLord — unknown — Action, Adventure, Casual, Indie
[2265/9863] Invasion: Brain Craving — unknown — Action, Adventure, Casual, Indie, RPG, Simulation, Strategy
[2266/9863] Carpe Diem — unknown — Casual, Indie, Free To Play
[2267/9863] The Room Two — playable — Adventure, Indie
[2268/9863] HunieCam Studio — playable — Indie, Simulation
[2269/9863] Fernbus Simulator — playable — Casual, Simulation
[2270/9863] Project CARS - Pagani Edition — unknown — Racing, Simulation, Sports
[2271/9863] Space Pilgrim Episode I: Alpha Centauri — playable — Adventure, Indie
[2272/9863] The Walking Dead: Michonne - A Telltale Miniseries — playable — Adventure
[2273/9863] Bit Blaster XL — verified — Action, Casual, Indie
[2274/9863] Duke Nukem 3D: 20th Anniversary World Tour — verified — Action, Adventure
[2275/9863] The Jackbox Party Pack 3 — verified — Casual, Indie, Strategy
[2276/9863] Rock of Ages 2: Bigger & Boulder™ — playable — Action, Indie, Racing, Strategy
[2277/9863] Rusty Lake Hotel — verified — Adventure, Indie
[2278/9863] Hidden Folks — verified — Adventure, Casual, Indie
[2279/9863] The Final Station — playable — Action, Adventure, Indie
[2280/9863] 10 Second Ninja X — unsupported — Action, Indie
[2281/9863] Medusa's Labyrinth — unknown — Action, Adventure, Free To Play, Indie
[2282/9863] Spacelords — playable — Action, Adventure, Casual, Free To Play, Indie, Massively Multiplayer, Strategy, Movie
[2283/9863] AI: Rampage — unknown — Action, Indie, Strategy
[2284/9863] Super Mustache — unknown — Action, Adventure, Casual, Indie
[2285/9863] Rock 'N' Roll Defense — playable — Action, Adventure, Casual, Strategy
[2286/9863] LEGO® STAR WARS™: The Force Awakens — verified — Action, Adventure
[2287/9863] One Troll Army — unknown — Casual, Indie, Strategy
[2288/9863] Drawful 2 — verified — Casual, Indie, Strategy
[2289/9863] Antenna — playable — Casual, Free To Play, Indie
[2290/9863] This Is the Police — playable — Adventure, Indie, Strategy
[2291/9863] Broken Dreams — unknown — Casual, Indie
[2292/9863] POLYWAR — unknown — Action, Indie, Massively Multiplayer
[2293/9863] The Next Door — playable — Adventure, Casual, Indie
[2294/9863] Drift (Over) Drive — unknown — Indie, Racing
[2295/9863] Rabiez: Epidemic — unknown — Indie, Strategy
[2296/9863] Istrolid — unknown — Free To Play, Indie, Strategy
[2297/9863] Calcu-Late — unknown — Adventure, Indie, RPG
[2298/9863] SAMOLIOTIK — unsupported — Action, Casual, Indie
[2299/9863] Catch a Falling Star — unknown — Casual, Indie
[2300/9863] Parkitect — playable — Casual, Indie, Simulation, Strategy
[2301/9863] Neon Hardcorps — playable — Action, Indie
[2302/9863] Hand of Fate 2 — verified — Action, Indie, RPG
[2303/9863] Kingdom Rush Frontiers - Tower Defense — playable — Strategy
[2304/9863] Halo Wars: Definitive Edition — verified — Strategy
[2305/9863] Vanquish — verified — Action
[2306/9863] Empires of the Undergrowth — playable — Simulation, Strategy
[2307/9863] Idling to Rule the Gods — playable — Casual, Indie, Simulation, Strategy, Free To Play
[2308/9863] Planescape: Torment: Enhanced Edition — playable — Adventure, RPG
[2309/9863] 35MM — unknown — Indie
[2310/9863] Genital Jousting — verified — Action, Indie
[2311/9863] TROUBLESHOOTER: Abandoned Children — playable — Casual, Indie, RPG, Strategy
[2312/9863] Reigns — verified — Adventure, Indie, RPG, Simulation
[2313/9863] Hide and Shriek — unknown — Action, Free To Play
[2314/9863] System Shock — playable — Action, Adventure
[2315/9863] Hero Zero - Multiplayer RPG — playable — Adventure, Casual, Indie, Massively Multiplayer, RPG, Strategy, Free To Play
[2316/9863] Meadow - A Shelter Game — unknown — Adventure, Indie, Massively Multiplayer
[2317/9863] Citadel: Forged with Fire — playable — Action, Adventure, Indie, Massively Multiplayer, RPG
[2318/9863] JDM Tuner Racing — playable — Action, Racing, Simulation, Sports
[2319/9863] Notruf 112 | Emergency Call 112 — playable — Action, Casual, Simulation
[2321/9863] Deep Space Dash — unknown — Action, Casual, Indie
[2322/9863] UBOAT — unsupported — Action, Indie, RPG, Simulation, Strategy
[2323/9863] Dungeon Fighter Online — unsupported — Action, Adventure, Massively Multiplayer, RPG, Free To Play
[2324/9863] Onward — unsupported — Action, Indie, Simulation, Strategy
[2325/9863] SweatShop — unknown — Casual, Indie, Strategy
[2326/9863] Batman - The Telltale Series — playable — Adventure
[2327/9863] Trolley Gold — unknown — Casual, Indie
[2328/9863] Mind Spheres — unknown — Casual, Indie, Sports
[2329/9863] Fishing: Barents Sea — unsupported — Simulation
[2330/9863] Manual Samuel - Last Tuesday Edition — playable — Adventure, Indie
[2331/9863] Pathologic 2 — verified — Adventure, Indie, RPG
[2332/9863] Shop Heroes — playable — Casual, Massively Multiplayer, RPG, Simulation, Strategy, Free To Play
[2333/9863] Oh...Sir!! The Insult Simulator — unknown — Indie, Simulation
[2334/9863] Quern - Undying Thoughts — playable — Adventure
[2335/9863] The Underground Man — playable — Adventure, Indie
[2336/9863] Intralism — playable — Action, Casual, Indie
[2337/9863] Hunger Dungeon — unknown — Action, Adventure, Free To Play, Indie, RPG, Strategy
[2338/9863] So Many Cubes — unknown — Action, Casual, Strategy, Early Access
[2339/9863] >observer_ — playable — Adventure, Indie
[2340/9863] Redout: Enhanced Edition — verified — Racing
[2341/9863] Intruder — unsupported — Early Access
[2342/9863] GUILTY GEAR Xrd REV 2 — verified — Action
[2343/9863] The House of Da Vinci — playable — Adventure, Indie
[2344/9863] HYPERCHARGE: Unboxed — verified — Action, Adventure, Casual, Indie, Strategy
[2345/9863] The Wild Eight — playable — Action, Adventure, Indie, RPG, Simulation
[2346/9863] Turbo Pug 3D — playable — Casual, Indie
[2347/9863] Train Sim World® 2020 — playable — Simulation
[2348/9863] Blameless — playable — Adventure, Free To Play, Indie
[2349/9863] MONMUSU — playable — Casual, Free To Play, Indie
[2350/9863] Zombie Defense — unknown — Action, Casual, Indie, Strategy, Free To Play
[2351/9863] Unforgiving Trials: The Space Crusade — playable — Adventure, Indie, RPG
[2352/9863] Disintegration — verified — Action, Adventure
[2353/9863] Lara Croft GO — verified — Adventure
[2354/9863] Midnight Carnival — unknown — Casual, Early Access
[2355/9863] Guild Quest — playable — Casual, Free To Play, Indie, RPG, Simulation, Strategy, Early Access
[2356/9863] Space Beret — unknown — Action, Casual, Indie
[2357/9863] Happy Room — playable — Action, Indie, Simulation
[2358/9863] ATOM RPG: Post-apocalyptic indie game — verified — RPG
[2359/9863] Once in Yaissor — unknown — Adventure, Indie
[2360/9863] Detention — verified — Adventure, Indie
[2361/9863] Clicker Guild — verified — Free To Play
[2362/9863] Opus Magnum — playable — Indie, Simulation
[2363/9863] Planes, Bullets and Vodka — verified — Action, Casual, Indie
[2364/9863] Ion Fury — playable — Action, Indie
[2365/9863] Desolate Wastes: Vendor Chronicles — unknown — Action, Casual, Indie, Simulation, Strategy
[2366/9863] Thimbleweed Park™ — verified — Adventure, Indie
[2367/9863] 古剑奇谭二(GuJian2) — playable — RPG
[2368/9863] 古剑奇谭(GuJian) — playable — RPG
[2369/9863] SteamWorld Dig 2 — verified — Action, Adventure, Indie
[2370/9863] Steel Division: Normandy 44 — playable — Action, Simulation, Strategy
[2371/9863] Pikuniku — verified — Action, Adventure, Casual, Indie
[2372/9863] Tomb Joe — unknown — Action, Adventure, Casual, Indie
[2373/9863] Purgatory II — unknown — Adventure, Indie, Strategy
[2374/9863] GORN — unsupported — Action, Indie
[2375/9863] BlazBlue Centralfiction — playable — Action
[2376/9863] VITATIO 2 — unknown — Adventure, Casual, Indie
[2377/9863] MadOut2 BigCityOnline [CLOSED] — unknown — Action, Indie, Racing, Simulation, Sports
[2378/9863] Okami HD — verified — Adventure
[2379/9863] Deadly Animal Duel — unknown — Action, Casual
[2380/9863] Tales of Escape — unknown — Adventure, Casual, Indie, Free To Play
[2381/9863] Derail Valley — playable — Adventure, Indie, Simulation, Early Access
[2382/9863] ESCAPE FROM VOYNA: Dead Forest — unknown — Action, Indie
[2383/9863] The Red Strings Club — verified — Adventure, Indie
[2384/9863] PRO EVOLUTION SOCCER 2018 LITE — unknown — Sports
[2385/9863] Throne of Lies®: Medieval Politics — playable — RPG
[2386/9863] West of Loathing — verified — Adventure, Indie, RPG
[2387/9863] Yuppie Psycho: Executive Edition — verified — Adventure, Indie
[2388/9863] SimAirport — playable — Casual, Indie, Simulation, Strategy
[2389/9863] The Coin Game — unsupported — Adventure, Casual, Indie, Simulation, Early Access
[2390/9863] Battle for Wesnoth — playable — Indie, Strategy, Free To Play
[2391/9863] Star Trek Timelines — unsupported — Adventure, RPG, Strategy, Free To Play
[2392/9863] Griftlands — verified — Indie
[2393/9863] CryptoMoneya — unknown — Casual, Indie
[2394/9863] Shotgun Farmers — playable — Action, Indie
[2395/9863] Psychonauts 2 — playable — Action, Adventure
[2396/9863] The Archotek Project — unknown — Casual, Indie, Simulation, Strategy, Early Access
[2397/9863] CHRONO TRIGGER® — playable — RPG
[2398/9863] Ultimate Epic Battle Simulator — playable — Action, Adventure, Indie, Simulation, Strategy
[2399/9863] Barro — verified — Casual, Indie, Racing
[2400/9863] while True: learn() — verified — Indie, Simulation
[2401/9863] WRC 7 FIA World Rally Championship — playable — Racing
[2402/9863] Bendy and the Ink Machine — playable — Action, Adventure, Indie, Strategy
[2403/9863] The Painscreek Killings — playable — Adventure, Indie
[2404/9863] Cosmic Pioneer — unknown — Casual, Indie, Simulation
[2405/9863] Cyberdimension Neptunia: 4 Goddesses Online — verified — RPG
[2406/9863] Cyberhunt — playable — Action, Adventure, Casual, Indie
[2407/9863] Sonic Forces — verified — Action, Adventure
[2408/9863] Stream Service — unknown — Casual, Indie, Simulation
[2409/9863] Trials® Rising — unsupported — Racing
[2410/9863] OLDTV — playable — Indie, Free To Play
[2411/9863] LEGO® Marvel Super Heroes 2 — verified — Action
[2412/9863] Rusted Warfare - RTS — playable — Indie, Strategy
[2413/9863] UnderMine — verified — Action, Adventure, Indie, RPG
[2414/9863] Rento Fortune: Online Dice Board Game (大富翁) — verified — Casual, Indie, Massively Multiplayer, Strategy
[2415/9863] Dark Elf — playable — Adventure, Indie, RPG
[2416/9863] Comedy Night — playable — Casual, Indie, RPG, Simulation
[2417/9863] Drunken Wrestlers 2 — playable — Action, Casual, Indie, Simulation, Sports, Early Access
[2418/9863] Sky Force Reloaded — verified — Action, Indie
[2419/9863] Red Faction Guerrilla Re-Mars-tered — playable — 
[2420/9863] DESOLATE — unsupported — Action, Adventure, RPG
[2421/9863] Super Bunny Man — verified — Action, Indie
[2422/9863] Bugsnax — verified — Action, Adventure, Casual, Indie
[2423/9863] Yet Another Zombie Defense HD — playable — Action, Indie
[2424/9863] Batman: The Enemy Within - The Telltale Series — unsupported — Adventure
[2425/9863] We Were Here Too — playable — Adventure, Casual, Indie
[2426/9863] DEATH TRAIN - Warning: Unsafe VR Experience — unknown — Action, Indie
[2427/9863] Bridge Constructor Portal — verified — Simulation, Strategy
[2428/9863] Bad North: Jotunn Edition — verified — Action, Indie, Simulation
[2429/9863] 灵魂筹码 Soul at Stake — unsupported — Action, Indie, RPG, Early Access
[2430/9863] Fog Of War - Free Edition — unknown — Violent, Gore, Action, Free To Play, Indie, Massively Multiplayer
[2431/9863] POPULATION: ONE — unsupported — Action
[2432/9863] Community Garden — unknown — Indie, Massively Multiplayer, Simulation, Early Access
[2433/9863] Roboquest — playable — Action, Indie
[2434/9863] Chinese Paladin：Sword and Fairy — verified — RPG
[2435/9863] Super Seducer : How to Talk to Girls — unsupported — Adventure, Casual, RPG, Simulation, Strategy
[2436/9863] Fell Seal: Arbiter's Mark — verified — Indie, RPG, Strategy
[2437/9863] Despotism 3k — playable — Indie, Simulation, Strategy
[2438/9863] Cube Racer — playable — Action, Casual, Indie, Racing
[2439/9863] Tactical Monsters Rumble Arena — playable — Adventure, Free To Play, Indie, RPG, Strategy
[2440/9863] POSTAL 4: No Regerts — playable — Action, Adventure
[2441/9863] A Total War Saga: THRONES OF BRITANNIA — unsupported — Action, Strategy
[2442/9863] Little Misfortune — playable — Adventure, Casual, Indie
[2443/9863] Cultist Simulator — verified — Indie, RPG, Simulation
[2445/9863] Wytchwood — verified — Adventure, Casual, Indie, RPG
[2446/9863] DYNASTY WARRIORS 9 — unsupported — Action
[2447/9863] Superflight — playable — Action, Casual, Indie, Racing, Sports
[2448/9863] PickCrafter — playable — Adventure, Casual, Indie, RPG, Simulation, Strategy, Free To Play
[2449/9863] F1 2018 — playable — Racing, Simulation, Sports
[2450/9863] Neos VR — playable — Indie, Massively Multiplayer, Animation & Modeling, Design & Illustration, Education, Software Training, Utilities, Web Publishing, Early Access
[2451/9863] Mega Man X Legacy Collection — unsupported — Action
[2452/9863] Temtem — verified — Adventure, Indie, Massively Multiplayer, RPG
[2453/9863] HARDCORE MECHA — playable — Action, Indie
[2454/9863] The Sinking City Remastered — playable — Action, Adventure
[2455/9863] Dungreed — verified — Action, Indie
[2456/9863] Hades' Star — verified — Massively Multiplayer, Strategy, Free To Play
[2457/9863] Contraband Police — verified — Action, Adventure, Simulation
[2458/9863] Aimtastic — unknown — Action, Indie, Free To Play
[2459/9863] Sable — verified — Adventure, Indie, RPG
[2460/9863] Atomicrops — playable — Action, Indie
[2461/9863] Realm Revolutions — unsupported — Free To Play
[2462/9863] Maelstrom — unsupported — Action, Adventure, Indie, Massively Multiplayer, Simulation, Strategy, Free To Play
[2463/9863] The Messenger — verified — Action, Indie
[2464/9863] 月圆之夜 (Night of Full Moon) — playable — Adventure, Indie, Strategy, Free To Play
[2465/9863] Freeman: Guerrilla Warfare — playable — Action, Indie, RPG, Strategy
[2466/9863] Mouse (Sneaking) — unknown — Action, Adventure, Casual, Indie
[2467/9863] Blush Blush — playable — Casual, Indie, Simulation, Free To Play
[2468/9863] This Is the Police 2 — verified — Adventure, Indie, Strategy
[2469/9863] Tick Tock: A Tale for Two — verified — Adventure, Casual, Indie
[2470/9863] Valkyria Chronicles 4 Complete Edition — verified — Action, RPG, Strategy
[2471/9863] The Beast Inside — playable — Action, Adventure, Indie
[2472/9863] HD Poker: Texas Hold'em — unsupported — Casual, Free To Play, Massively Multiplayer, Simulation, Strategy
[2473/9863] Cosmoteer: Starship Architect & Commander — playable — Simulation, Strategy, Early Access
[2474/9863] Wizard101 — unsupported — Adventure, Casual, Massively Multiplayer, RPG, Strategy, Free To Play
[2475/9863] Terraforming Mars — playable — Strategy
[2476/9863] Wrecked — unknown — Action, Free To Play, Massively Multiplayer, Racing, Sports, Strategy
[2477/9863] RUSSIA BATTLEGROUNDS — playable — Action, Adventure, Indie, Massively Multiplayer, RPG
[2478/9863] Runes of Magic — playable — Action, Adventure, Massively Multiplayer, RPG, Free To Play
[2479/9863] Cliff Empire — playable — Indie, Simulation, Strategy
[2480/9863] missed messages. — playable — Casual, Indie, Simulation, Free To Play
[2481/9863] ANIMAL WELL — verified — Action, Adventure, Indie
[2482/9863] Monster Sanctuary — verified — Action, Adventure, Indie, RPG, Strategy
[2483/9863] Space Hulk: Deathwing Enhanced Edition — unsupported — Action, Adventure
[2484/9863] Kingdom Rush Origins - Tower Defense — playable — Indie, Strategy
[2485/9863] Animal Jam — playable — Adventure, Casual, Massively Multiplayer, Simulation
[2486/9863] KovaaK's — playable — Action, Indie, Simulation
[2487/9863] Dude Simulator 2 — unknown — Action, Adventure, Indie, Racing, Simulation
[2488/9863] CryoFall — playable — Action, Adventure, Indie, Massively Multiplayer, RPG, Simulation, Strategy
[2489/9863] DeoVR - VR Video Streaming Platform — unsupported — Utilities, Video Production
[2490/9863] Phoenix Point — verified — RPG, Strategy
[2491/9863] Moss — unsupported — Action, Adventure, Casual, Indie
[2492/9863] DYSMANTLE — verified — Action, Adventure, Indie, RPG, Simulation
[2493/9863] Void Bastards — playable — Action, Strategy
[2494/9863] Dicey Dungeons — verified — Indie, Strategy
[2495/9863] Project Hospital — playable — Indie, Simulation, Strategy
[2496/9863] Stoneshard: Prologue — unknown — Adventure, Indie, RPG
[2497/9863] SCP: 5K — playable — Action, Indie, Massively Multiplayer, Strategy, Early Access
[2498/9863] MU Legend — unsupported — Action, Adventure, Free To Play, Massively Multiplayer, RPG
[2499/9863] The Forgotten City — verified — Adventure, Indie, RPG
[2500/9863] LIBERATED — verified — Action, Adventure, Indie
[2501/9863] Fate Seeker — playable — RPG
[2502/9863] Cadria Item Shop — playable — Casual, Indie, RPG, Simulation, Free To Play
[2503/9863] FAIL 懒人修仙传: duplicate key value violates unique constraint "games_slug_unique"
[2504/9863] Music Racer — unsupported — Action, Casual, Indie, Racing
[2505/9863] Catherine Classic — unsupported — Adventure
[2506/9863] Spellcaster University — playable — Simulation, Strategy
[2507/9863] Coloring Pixels — unsupported — Casual, Indie, Free To Play
[2508/9863] The Survivalists — playable — Action, Adventure, Casual, Indie
[2509/9863] Super Robot Wars 30 — playable — RPG, Simulation, Strategy
[2510/9863] Reventure — verified — Adventure, Indie
[2511/9863] Mist Survival — playable — Action, Adventure, Indie, Simulation, Early Access
[2512/9863] Midnight Ghost Hunt — unsupported — Action, Indie
[2513/9863] Steel Division 2 — playable — Action, Indie, Simulation, Strategy
[2514/9863] Driver Booster for Steam — unsupported — Utilities
[2515/9863] DISSIDIA FINAL FANTASY NT Free Edition — unsupported — Action, Free To Play
[2516/9863] Hand Simulator: Survival — playable — Action, Adventure, Indie, Massively Multiplayer, RPG, Simulation
[2517/9863] WolfQuest: Anniversary Edition — verified — Action, RPG, Simulation
[2518/9863] Hood: Outlaws & Legends — unsupported — Action, Adventure, Massively Multiplayer, RPG
[2519/9863] Yakuza Kiwami 2 (Legacy) — verified — Action, Adventure, RPG
[2521/9863] Swag and Sorcery — unsupported — Adventure, Indie, RPG, Simulation, Strategy
[2522/9863] Endzone - A World Apart — playable — Indie, Simulation, Strategy
[2523/9863] Dead Island 2 — playable — Action, Adventure
[2524/9863] American Fugitive — verified — Action, Adventure, Indie
[2525/9863] PRO EVOLUTION SOCCER 2019 LITE — unknown — Sports
[2526/9863] RESIDENT EVIL RESISTANCE — playable — Action
[2527/9863] 河洛群俠傳 (Ho Tu Lo Shu ： The Books of Dragon) — unsupported — Adventure, RPG, Strategy
[2528/9863] Kerbal Space Program 2 — unsupported — Indie, Simulation, Early Access
[2529/9863] Nya Nya Nya Girls (ʻʻʻ)_(=^･ω･^=)_(ʻʻʻ) — playable — Casual, Indie
[2530/9863] Hell is Others — playable — Action, Adventure, Indie
[2531/9863] Walking Zombie 2 — playable — Action, Adventure, Indie, RPG
[2532/9863] Flower — verified — Adventure, Casual
[2533/9863] DOKA 2 KISHKI EDITION — unknown — Action, Adventure, Casual, Indie, RPG, Simulation
[2534/9863] Bus Simulator 21 Next Stop — verified — Simulation
[2535/9863] Eastward — playable — Action, Adventure, Indie, RPG
[2536/9863] Bloons Adventure Time TD — playable — Action, Strategy
[2537/9863] Rebel Forces — unknown — Action, Indie, Free To Play
[2538/9863] Space Haven — verified — Indie, RPG, Simulation, Strategy, Early Access
[2539/9863] Olympic Games Tokyo 2020 – The Official Video Game™ — playable — Casual, Sports
[2540/9863] Haven — verified — Adventure, Indie, RPG
[2541/9863] SYNTHETIK: Arena — playable — Action, Free To Play, Indie
[2542/9863] Shadows of Doubt — verified — Action, Adventure, Indie, RPG
[2543/9863] The Last Campfire — verified — Adventure, Indie
[2544/9863] Banner of the Maid — verified — Indie, RPG, Strategy
[2545/9863] Secret Neighbor Beta — unknown — Action, Adventure, Indie
[2546/9863] Crown Trick — unsupported — Adventure, Indie, RPG, Strategy
[2547/9863] Hellish Quart — verified — Action, Early Access
[2548/9863] Blacksad: Under the Skin — verified — Adventure
[2549/9863] The Tenants — playable — Casual, Indie, Simulation
[2550/9863] Into the Radius VR — unsupported — Action, Indie
[2551/9863] PGA TOUR 2K21 — playable — Simulation, Sports
[2552/9863] Cyber Knights: Flashpoint — verified — Action, Indie, RPG, Strategy
[2553/9863] Second Extinction™ — playable — Action, Early Access
[2554/9863] Immortal Realms: Vampire Wars — playable — Action, RPG, Strategy
[2555/9863] Warhammer The Horus Heresy: Legions — verified — Adventure, Strategy, Free To Play
[2556/9863] Blood Trail — unsupported — Action, Early Access
[2557/9863] Nyasha — verified — Casual, Indie
[2558/9863] Shadow Warrior 3: Definitive Edition — playable — Action, Adventure
[2559/9863] ISLANDERS — playable — Casual, Indie, Strategy
[2560/9863] Kao the Kangaroo: Round 2 (2003 re-release) — playable — Action, Adventure, Casual, Racing
[2561/9863] Little Witch Nobeta — verified — Action, Indie
[2562/9863] Home Sweet Home : Survive — playable — Action, Indie, Strategy, Early Access
[2563/9863] Neon Beats — verified — Indie, Free To Play
[2564/9863] SKALD: Against the Black Priory — verified — Indie, RPG
[2565/9863] Russian Life Simulator — playable — Action, Indie, Simulation, Sports, Strategy
[2566/9863] Biped — playable — Action, Adventure, Casual, Indie, Simulation, Sports, Strategy
[2567/9863] DRAGON QUEST BUILDERS™ 2 — unsupported — Action, Adventure, RPG
[2568/9863] Soccer Manager 2020 — unknown — Free To Play, Sports
[2569/9863] Fireworks Mania - An Explosive Simulator — playable — Action, Casual, Indie, Simulation
[2570/9863] Pistol Whip — unsupported — Action, Indie, Sports
[2571/9863] Jagged Alliance 3 — playable — Action, Strategy
[2572/9863] FAIL 雀姬/姫麻雀: duplicate key value violates unique constraint "games_slug_unique"
[2573/9863] Garfield Kart - Furious Racing — playable — Racing
[2574/9863] Royal Crown — unknown — Action, Casual, Free To Play, Massively Multiplayer, Strategy
[2575/9863] Hello Neighbor Alpha 4 — playable — Adventure, Indie, Strategy
[2576/9863] Circuit Superstars — verified — Action, Casual, Indie, Racing, Simulation, Sports
[2577/9863] Twelve Minutes — verified — Adventure, Indie
[2578/9863] DOOM Eternal: The Ancient Gods - Part One — unknown — Action
[2579/9863] The Slormancer — playable — Action, Adventure, Indie, RPG
[2580/9863] Game of Thrones Winter is Coming — playable — Massively Multiplayer, RPG, Simulation, Strategy, Free To Play
[2581/9863] Totally Reliable Delivery Service Beta — unknown — Action, Indie
[2582/9863] Unturned - Dedicated Server — unknown — 
[2583/9863] Mortal Shell — verified — Action, RPG
[2584/9863] 小白兔电商~Bunny e-Shop — verified — Adventure, Indie, Simulation
[2585/9863] Project Torque - Free 2 Play MMO Racing Game — unsupported — Free To Play, Massively Multiplayer, Racing
[2586/9863] I Wanna Maker — playable — Indie, Free To Play
[2587/9863] Yes, Your Grace — verified — Adventure, Casual, Indie, RPG, Simulation, Strategy
[2588/9863] In Sound Mind — playable — Action, Indie
[2589/9863] The Wandering Village — verified — Simulation, Strategy
[2590/9863] 异化之恶〇Abnormal Treatment — unknown — Adventure, Indie, RPG, Free To Play
[2591/9863] Curse of the Dead Gods — verified — Action, Adventure
[2592/9863] Lost — playable — Action, Adventure, Casual, Indie, RPG, Strategy
[2593/9863] Our Life: Beginnings & Always — playable — Casual, Indie, Free To Play
[2594/9863] Receiver 2 — playable — Action, Indie, Simulation
[2595/9863] Ember Knights — verified — Action, Adventure, RPG
[2596/9863] Heavenly Bodies — verified — Action, Adventure, Indie, Simulation
[2597/9863] Monster Prom 2: Monster Camp — verified — Indie, Simulation
[2598/9863] OMON Simulator — unknown — Action, Adventure, Indie, RPG, Simulation, Strategy
[2599/9863] CosmicBreak Universal — playable — Action, Massively Multiplayer, RPG, Free To Play
[2600/9863] Fun with Ragdolls: The Game — playable — Action, Indie, Simulation
[2601/9863] Senren＊Banka — unsupported — Adventure, Casual
[2602/9863] DOOM 64 — playable — Action
[2603/9863] Aliens: Dark Descent — unsupported — Action, Strategy
[2604/9863] Gloomwood — playable — Action, Indie, Early Access
[2605/9863] King Arthur: Knight's Tale — unsupported — RPG, Strategy
[2606/9863] Idle Big Devil — playable — Adventure, Casual, Free To Play, Indie, Strategy
[2607/9863] Paradise Killer — verified — Adventure, Indie, RPG
[2608/9863] Trepang2 — verified — Action, Indie
[2609/9863] Death and Taxes — playable — Adventure, Casual, Indie, Simulation, Strategy
[2610/9863] XIII - Classic — unsupported — Action
[2611/9863] Grimm's Hollow — playable — Adventure, Free To Play, Indie, RPG
[2612/9863] INDUSTRIA — playable — Action, Adventure, Indie
[2613/9863] FINAL FANTASY VI — playable — RPG
[2614/9863] Star Fetchers — playable — Action, Adventure, Indie, Free To Play
[2615/9863] KAKU: Ancient Seal — playable — Action, Adventure, Indie, RPG
[2616/9863] Wurm Online — playable — Adventure, Free To Play, Indie, Massively Multiplayer, RPG
[2617/9863] Stay Out — unsupported — Action, Indie, Massively Multiplayer, RPG, Free To Play, Early Access
[2618/9863] Tell Me Why — playable — Adventure, Free To Play
[2619/9863] WGT Golf — unsupported — Simulation, Sports, Free To Play, Early Access
[2620/9863] Impostor Factory — playable — Adventure, Casual, Indie, RPG
[2621/9863] A Plague Tale: Requiem — verified — Action, Adventure
[2622/9863] Pumpkin Jack — verified — Action, Adventure, Indie
[2623/9863] House Flipper 2 — verified — Casual, Indie, Simulation
[2624/9863] Inferna — playable — Action, Adventure, Casual, Indie, Massively Multiplayer, RPG, Sports, Strategy, Free To Play, Early Access
[2625/9863] Legend Creatures(传奇生物) — playable — Casual, Indie, Strategy
[2626/9863] The Perfect Tower II — playable — Action, Indie, Strategy, Free To Play
[2627/9863] Until We Die — verified — Action, Adventure, Simulation, Strategy
[2628/9863] Record of Lodoss War-Deedlit in Wonder Labyrinth- — playable — Action, Indie
[2629/9863] Pixel Studio - pixel art editor — unknown — Animation & Modeling, Design & Illustration, Photo Editing, Game Development
[2630/9863] Pentiment — verified — Adventure, Casual
[2631/9863] Rubber Bandits — verified — Action, Casual, Indie
[2632/9863] Shieldwall — playable — Action, Casual, Indie, Simulation, Strategy
[2633/9863] Cyber Manhunt — playable — Indie, RPG, Simulation
[2634/9863] Coromon — verified — Adventure, Indie, RPG, Strategy
[2635/9863] Rakion Chaos Force — unsupported — Action, Adventure, Indie, Massively Multiplayer, RPG, Sports, Strategy, Free To Play
[2636/9863] Home Behind 2 — playable — Adventure, Indie, RPG, Simulation, Strategy
[2637/9863] Cartel Tycoon — playable — Action, Indie, Simulation, Strategy
[2638/9863] Necromunda: Hired Gun — verified — Action, Adventure
[2639/9863] Partisans 1941 — playable — Indie, Strategy
[2640/9863] Severed Steel — verified — Action, Indie
[2641/9863] Everhood — verified — Action, Adventure, Indie, RPG
[2642/9863] Yakuza: Like a Dragon — verified — Action, Adventure, RPG
[2643/9863] Sonic Frontiers — verified — Action, Adventure
[2644/9863] Mass Effect™ 3 N7 Digital Deluxe Edition (2012) — unsupported — Action, RPG, Strategy
[2645/9863] Burnout™ Paradise Remastered — playable — Action, Adventure, Racing
[2646/9863] Madden NFL 21 — playable — Simulation, Sports, Strategy
[2647/9863] There Is No Game: Wrong Dimension — verified — Adventure, Casual, Indie
[2648/9863] ANARCHY — unknown — Action, Adventure, Casual, Indie
[2649/9863] Overcooked! All You Can Eat — playable — Casual, Indie, Simulation, Strategy
[2650/9863] ANOTHER EDEN — unsupported — RPG, Free To Play
[2651/9863] Bloons Monkey City — playable — Action, Strategy, Free To Play
[2652/9863] WWE 2K22 — unsupported — Simulation, Sports
[2653/9863] Slipways — playable — Strategy
[2654/9863] Warriors of the Nile — playable — Indie, Strategy
[2655/9863] HOT WHEELS UNLEASHED™ — verified — Racing
[2656/9863] Diplomacy is Not an Option — playable — Indie, Simulation, Strategy
[2657/9863] Construction Simulator — verified — Casual, Simulation
[2658/9863] Drug Dealer Simulator: Free Sample — playable — Action, Casual, Indie, Simulation, Free To Play
[2659/9863] Outcore: Desktop Adventure — unknown — Action, Adventure, Indie, RPG, Simulation, Free To Play
[2660/9863] Baldi's Basics Plus — verified — Action, Indie, Strategy, Early Access
[2661/9863] Ruined King: A League of Legends Story™ — playable — Indie, RPG
[2662/9863] FPV SkyDive : FPV Drone Simulator — playable — Adventure, Casual, Racing, Simulation, Sports, Free To Play
[2663/9863] PrprLive — unsupported — Free To Play, Animation & Modeling, Utilities, Video Production
[2664/9863] The Dark Pictures Anthology: House of Ashes — playable — Adventure
[2665/9863] Anno 1404 - History Edition — unsupported — Simulation, Strategy
[2666/9863] Samsara Room — verified — Adventure, Free To Play, Indie
[2667/9863] Train Sim World® 2 — playable — Simulation
[2668/9863] Devolverland Expo — playable — Action, Adventure, Free To Play, Indie
[2669/9863] Tails of Iron — verified — Action, Adventure, Indie
[2670/9863] BPM: BULLETS PER MINUTE — playable — Action, Adventure, Indie
[2671/9863] Black Skylands: Origins — unknown — Action, Adventure, Indie, RPG
[2672/9863] Ship of Fools — playable — Action, Indie
[2673/9863] Way of the Hunter — playable — Adventure, Simulation, Sports
[2674/9863] The Medium — unsupported — Adventure
[2675/9863] Divine Knockout (DKO) — playable — Action
[2676/9863] Peglin — verified — Casual, Indie, RPG, Strategy
[2677/9863] Kingdoms Reborn — playable — Indie, Simulation, Strategy, Early Access
[2678/9863] Occupy Mars: Prologue (2020) — playable — Adventure, Indie, Simulation, Free To Play
[2679/9863] shapez — playable — Casual, Indie, Simulation, Strategy
[2680/9863] Turbo Overkill — verified — Action, Indie
[2681/9863] SpiderHeck — verified — Action, Casual, Indie
[2682/9863] F.I.S.T.: Forged In Shadow Torch — verified — Action, Adventure, Indie, RPG, Simulation, Sports
[2683/9863] Big Ambitions — unsupported — Indie, Simulation, Early Access
[2684/9863] Thief Simulator 2 — playable — Action, Indie, Simulation
[2685/9863] Operation: Tango — playable — Adventure, Casual
[2686/9863] BATTLE OF REBELS — unknown — Action, Indie
[2687/9863] Mr. Prepper: Prologue — unknown — Action, Adventure, Indie, Simulation, Free To Play
[2688/9863] Mad Games Tycoon 2 — playable — Casual, Indie, Simulation, Strategy
[2689/9863] Pharaoh™: A New Era — playable — Simulation, Strategy
[2690/9863] Idle Slayer — verified — Casual, Indie, Strategy, Free To Play
[2691/9863] Siege Survival: Gloria Victis Prologue — unknown — Adventure, Casual, Indie, RPG, Simulation, Strategy, Free To Play
[2692/9863] Propagation VR — unsupported — Action
[2693/9863] Boundary — unsupported — Action, Early Access
[2694/9863] Lacuna – A Sci-Fi Noir Adventure — verified — Adventure, Indie
[2695/9863] Animaze by FaceRig — unsupported — Animation & Modeling, Video Production
[2696/9863] Kingdom Rush Vengeance - Tower Defense — verified — Strategy
[2697/9863] Tormented Souls — verified — Action, Adventure
[2698/9863] ANNO: Mutationem — verified — Action, Adventure, Indie, RPG
[2699/9863] Myth of Empires — unsupported — Action, Adventure, Indie, Massively Multiplayer, RPG
[2700/9863] Teamfight Manager — playable — Indie, Simulation, Sports
[2701/9863] Mist of the Undead — unknown — Action, Casual, Free To Play, Indie, RPG
[2702/9863] RuneScape: Dragonwilds — unsupported — Action, Adventure, RPG, Early Access
[2703/9863] Night of the Dead — playable — Action, Adventure, Indie, RPG, Simulation
[2704/9863] Observer: System Redux — verified — Adventure, Indie
[2705/9863] Milk inside a bag of milk inside a bag of milk — playable — Adventure, Indie
[2706/9863] Disney Dreamlight Valley — verified — Action, Adventure, Casual, RPG, Simulation
[2707/9863] SCP: Labrat — playable — Action, Adventure, Indie, Free To Play
[2708/9863] Zenith: Nexus — unsupported — Action, Adventure, Indie, Massively Multiplayer, RPG, Free To Play, Early Access
[2709/9863] Luck be a Landlord — verified — Indie, Simulation, Strategy
[2710/9863] Warrior Beneath Heaven — unknown — Action, Casual, Indie, RPG, Simulation
[2711/9863] Nine to Five — unsupported — Action, Free To Play
[2712/9863] Syberia: The World Before — playable — Adventure
[2713/9863] BEACHED — playable — Action, Adventure, Casual, Indie, Massively Multiplayer, Early Access
[2714/9863] Nickelodeon All-Star Brawl — verified — Action
[2715/9863] Tiny Bunny — playable — Adventure, Indie
[2716/9863] The Texas Chain Saw Massacre — playable — Action, Indie
[2717/9863] HighFleet — unsupported — Action, Adventure, Indie, Strategy
[2718/9863] Feign — playable — Casual, Indie, RPG, Strategy
[2719/9863] Heroes of the Three Kingdoms 7 — playable — RPG, Simulation, Strategy
[2720/9863] Soccer Manager 2021 — unknown — Sports, Free To Play
[2721/9863] Pacific Drive — playable — Action, Adventure, Indie, Racing, Simulation
[2722/9863] Infection Free Zone — playable — Action, Indie, Simulation, Strategy, Early Access
[2723/9863] Road 96 🛣️ — verified — Action, Adventure, Indie
[2724/9863] Ultimate Epic Battle Simulator 2 — unsupported — Action, Adventure, Casual, Indie, Simulation, Strategy
[2725/9863] Unlimited Fight — unknown — Action, Casual, Indie
[2726/9863] SYNTHETIK 2 — playable — Action, Indie, Early Access
[2727/9863] Retro Run — unknown — Action, Indie, Strategy
[2728/9863] HudSight - crosshair overlay — unsupported — Action, Education, Software Training, Utilities, Video Production
[2729/9863] Dead Estate — verified — Action, Indie
[2730/9863] VRoid Studio — unsupported — Free To Play, Animation & Modeling, Design & Illustration
[2731/9863] Intravenous — verified — Action, Indie
[2732/9863] Tempest Rising — playable — Action, Strategy
[2733/9863] Symphony of War: The Nephilim Saga — verified — Adventure, Indie, RPG, Strategy
[2734/9863] Banishers: Ghosts of New Eden — playable — Action, Adventure, RPG
[2735/9863] Cultivation Tales — unsupported — Action, Adventure, Indie, RPG, Strategy
[2736/9863] Minicraft Shooter — unknown — Action, Adventure, Casual, Indie, RPG, Simulation
[2737/9863] Madden NFL 22 — playable — Casual, Simulation, Sports, Strategy
[2738/9863] Tavern Master — playable — Simulation, Strategy
[2739/9863] BLACKTAIL — verified — Action, Adventure, RPG
[2740/9863] Neon White — verified — Action, Adventure, Indie
[2741/9863] Grand Theft Auto III – The Definitive Edition — playable — Action, Adventure
[2742/9863] Predator: Hunting Grounds — playable — Action
[2743/9863] Isonzo — playable — Action, Indie, Massively Multiplayer, Simulation, Strategy
[2744/9863] Fate Seeker II — playable — RPG
[2745/9863] FOREWARNED — unsupported — Action, Adventure, Indie
[2746/9863] SANABI — playable — Action, Adventure, Indie
[2747/9863] Internet Cafe Simulator 2 — playable — Action, Adventure, Casual, Indie, Simulation, Strategy
[2748/9863] Sands of Fire — unknown — Action, Simulation, Strategy
[2749/9863] Lunch Lady — playable — Action, Adventure, Indie
[2750/9863] Strange Horticulture — verified — Adventure, Indie, Simulation
[2751/9863] The Quarry — unsupported — Adventure
[2752/9863] Citizen Sleeper — playable — Adventure, Indie, RPG
[2753/9863] Shadow Tactics: Aiko's Choice — verified — Indie, Strategy
[2754/9863] High On Life — verified — Action, Adventure
[2755/9863] Pro Soccer Online — playable — Sports
[2756/9863] Blood West — verified — Action, Indie, RPG
[2757/9863] Forgive Me Father — verified — Action, Indie
[2758/9863] Clownfield 2042 — playable — Action
[2759/9863] Little Witch in the Woods — verified — Adventure, Casual, Indie, RPG, Simulation
[2760/9863] Milk outside a bag of milk outside a bag of milk — playable — Casual, Indie
[2761/9863] CRISIS CORE –FINAL FANTASY VII– REUNION — verified — Action, RPG
[2762/9863] WARNO — playable — Action, Indie, Simulation, Strategy
[2763/9863] Ravenous Devils — verified — Casual, Indie, Simulation
[2764/9863] Storyteller — verified — Adventure
[2765/9863] Ficket: 追剧引擎 — unknown — Indie, Utilities, Early Access
[2766/9863] SurrounDead — playable — Action, Adventure, Indie, RPG, Early Access
[2767/9863] Two Point Campus — verified — Casual, Indie, Simulation, Strategy
[2768/9863] Aloft — playable — Adventure, Casual, Indie, Simulation, Early Access
[2769/9863] Anatomy of Fear — unknown — Indie
[2770/9863] For The King II — playable — Adventure, Indie, RPG, Strategy
[2771/9863] The Case of the Golden Idol — verified — Adventure, Indie
[2772/9863] Tiny Tina's Assault on Dragon Keep: A Wonderlands One-shot Adventure — playable — Action, Adventure, RPG
[2773/9863] Find Love or Die Trying — playable — Casual, Indie
[2774/9863] The Entropy Centre — playable — Adventure
[2775/9863] FATAL FRAME / PROJECT ZERO: Maiden of Black Water — unsupported — Adventure
[2776/9863] Hatsune Miku: Project DIVA Mega Mix+ — playable — Action
[2777/9863] Choo-Choo Charles — verified — Action, Adventure, Indie
[2778/9863] MyDockFinder — unknown — Utilities
[2779/9863] Serious Sam: Siberian Mayhem — playable — Action, Adventure
[2780/9863] Sonic Origins — verified — Action, Adventure, Casual
[2781/9863] BOKURA — playable — Action, Adventure, Casual, Indie
[2782/9863] Duck Simulator 2 — playable — Action, Adventure, Indie, RPG, Simulation
[2783/9863] Wildfrost — verified — Indie, Strategy
[2784/9863] Bellwright — unknown — Action, RPG, Simulation, Strategy, Early Access
[2785/9863] The Library of Babel — verified — Adventure, Indie
[2786/9863] EA SPORTS™ WRC — unsupported — Racing, Simulation, Sports
[2787/9863] Potionomics — verified — Indie, RPG, Simulation, Strategy
[2788/9863] Arma Reforger — unsupported — Action, Simulation, Strategy
[2789/9863] Wandering Sword — playable — Adventure, Indie, RPG, Strategy
[2790/9863] Sanfu — playable — Adventure, Indie, RPG
[2791/9863] Ratchet & Clank: Rift Apart — verified — Action, Adventure
[2792/9863] Killer Frequency — playable — Adventure, Indie, Simulation
[2793/9863] Between Horizons – A Sci-Fi Detective Adventure — verified — Adventure, Indie
[2794/9863] WILD HEARTS™ — unsupported — Action, Adventure
[2795/9863] Nobody Wants to Die — unsupported — Adventure
[2796/9863] Yi Xian: The Cultivation Card Game — playable — Casual, Indie, Strategy, Free To Play
[2797/9863] Hero's Adventure: Road to Passion — verified — Adventure, Indie, RPG, Simulation
[2798/9863] The Lost Village — playable — Adventure, Indie, RPG, Simulation, Strategy
[2799/9863] OCTOPATH TRAVELER II — verified — RPG
[2800/9863] Rotwood — playable — Action, Adventure, RPG
[2801/9863] Bloody Hell — playable — Action, Adventure, Indie, Free To Play
[2802/9863] 再刷一把 PlayAgain — unsupported — Adventure, Indie, RPG, Strategy
[2803/9863] Return to Monkey Island — verified — Adventure, Casual
[2804/9863] Descension — unknown — Action, Adventure, Strategy
[2805/9863] Nordic Ashes: Survivors of Ragnarok — verified — Action, Adventure, Casual, Indie, RPG, Strategy
[2806/9863] Ravenswatch — playable — Action, Adventure
[2807/9863] Like a Dragon: Infinite Wealth — verified — Action, Adventure, RPG
[2808/9863] Sunkenland — playable — Action, Indie, Early Access
[2809/9863] Pitch Black: A Dusklight Story - Episode One — unknown — Adventure
[2810/9863] Tiny Rogues — verified — Action, Adventure, Indie, RPG, Early Access
[2811/9863] Breakout 13 — playable — Adventure, Indie, RPG
[2812/9863] Swordhaven: Iron Conspiracy — verified — RPG
[2813/9863] VillageRhapsody — playable — Casual, Indie, RPG, Simulation
[2814/9863] THE 4 SINS — unsupported — Adventure, Indie, RPG, Strategy
[2815/9863] Reignbreaker — verified — Action, Adventure, Indie, RPG
[2816/9863] Pioneers of Pagonia — playable — Simulation, Strategy
[2817/9863] shapez 2 — playable — Casual, Indie, Simulation, Strategy, Early Access
[2818/9863] Howl — verified — Adventure, Indie, Strategy
[2819/9863] Wall World — verified — Action, Adventure, Indie, Strategy
[2820/9863] Yog-Sothoth’s Yard — playable — Indie, RPG, Simulation
[2821/9863] BeachHead Rogue — unknown — Action, Casual, Indie, Simulation, Strategy
[2822/9863] Rivals of Aether II — verified — Action, Indie
[2823/9863] Eaten by Darkness — unknown — Action, Indie
[2824/9863] Garten of Banban — unsupported — Action, Adventure, Casual, Indie, Free To Play
[2825/9863] Car For Sale Simulator 2023 — playable — Indie, Simulation
[2826/9863] BlazBlue Entropy Effect — verified — Action, Adventure, Indie
[2827/9863] CaseCracker2 — playable — Indie, Simulation, Strategy
[2828/9863] Homicipher — playable — Adventure, Indie
[2829/9863] WWE 2K24 — playable — Simulation, Sports
[2830/9863] Death Must Die — playable — Action, Casual, Indie, RPG, Early Access
[2831/9863] Apocalypse Party — playable — Action, Casual, Indie, Strategy
[2832/9863] Home Safety Hotline — playable — Casual, Indie, Simulation
[2833/9863] FAIL 全球戒备: duplicate key value violates unique constraint "games_slug_unique"
[2834/9863] Pseudoregalia — playable — Action, Adventure, Indie
[2835/9863] Anomaly Agent — verified — Action, Adventure, Indie
[2836/9863] A Date with Death — playable — Indie, Simulation, Free To Play
[2837/9863] Lost Castle 2 — playable — Action, Adventure, Indie, RPG, Early Access
[2838/9863] STAR WARS™: Battlefront Classic Collection — verified — Action
[2839/9863] Avowed — verified — RPG
[2840/9863] Mouthwashing — verified — Adventure, Indie
[2841/9863] F1® 24 — unsupported — Racing, Sports
[2842/9863] Winter Memories — playable — Adventure, Casual, RPG, Simulation
[2843/9863] FINAL FANTASY XVI — unsupported — Action, RPG
[2844/9863] The Last of Us™ Part II Remastered — verified — Action, Adventure
[2845/9863] Limsod — unknown — Action
[2846/9863] Soulmask — playable — Adventure, Indie, Massively Multiplayer, RPG, Simulation, Free To Play, Early Access
[2847/9863] Marvel's Spider-Man 2 — verified — Action, Adventure
[2848/9863] Tower of Babel: Survivors of Chaos — verified — Action, RPG, Early Access
[2849/9863] Rusty's Retirement — playable — Casual, Indie, Simulation, Strategy
[2850/9863] Ale & Tale Tavern — playable — Action, Adventure, Casual, Indie, Simulation
[2851/9863] PANICORE — playable — Action, Adventure, Indie
[2852/9863] NIGHT-RUNNERS™ PROLOGUE — playable — Racing, Simulation
[2853/9863] The Great Rebellion — playable — Action, Indie
[2854/9863] Arctic Eggs — verified — Adventure, Indie, Simulation
[2855/9863] ATLYSS — playable — Action, Adventure, Casual, Indie, RPG, Early Access
[2856/9863] Party Club — playable — Action, Casual, Indie, Simulation, Strategy, Free To Play
[2857/9863] VR NINJA DOJO — unknown — Action, Indie, Software Training, Game Development
[2858/9863] The Forever Winter — unsupported — Action, Early Access
[2859/9863] Supreme Ruler Global Outbreak — unknown — Indie, Simulation, Strategy
[2860/9863] FINAL FANTASY VII REBIRTH — verified — Action, Adventure, RPG
[2861/9863] RED TREES RAIL. CO. — unknown — Adventure, Indie, Simulation
[2862/9863] FANTASY LIFE i: The Girl Who Steals Time — verified — RPG
[2863/9863] Futon and Rocket Launcher — unknown — Action, Casual, Indie
[2864/9863] Drowned God: Conspiracy of the Ages. — unknown — Adventure
[2865/9863] Escape from Nightmare School — unknown — Adventure, Casual, Indie
[2866/9863] Revelations — unknown — Action, Adventure, Early Access
[2867/9863] DEFCON — playable — Indie, Strategy
[2868/9863] Arx Fatalis — playable — RPG
[2869/9863] The Ship: Single Player — playable — Action, Indie, RPG
[2870/9863] Shadowgrounds — unsupported — Action
[2871/9863] Alpha Prime — unknown — Action
[2872/9863] X2: The Threat — unsupported — Strategy
[2873/9863] X: Beyond the Frontier — unknown — Simulation, Strategy
[2874/9863] King's Bounty: Armored Princess — playable — RPG, Strategy
[2875/9863] Evil Genius — unsupported — Strategy
[2876/9863] Aliens versus Predator Classic 2000 — playable — Action
[2877/9863] Medieval II: Total War™ Kingdoms — unknown — Strategy
[2878/9863] Cossacks: Back to War — unsupported — Strategy
[2879/9863] Indiana Jones® and the Fate of Atlantis™ — unsupported — Adventure
[2880/9863] The Longest Journey — unsupported — Action, Adventure, RPG
[2881/9863] Lost Planet™: Extreme Condition — unsupported — Action, Adventure
[2882/9863] Devil May Cry® 3 Special Edition — playable — Action
[2883/9863] Commandos: Beyond the Call of Duty — playable — Action
[2884/9863] Jade Empire™: Special Edition — unsupported — RPG
[2885/9863] Two Worlds II Castle Defense — unknown — Strategy
[2886/9863] Railroad Tycoon 3 — unknown — Strategy
[2887/9863] Postal III — playable — Action
[2889/9863] Sacred Gold — playable — Action, RPG
[2890/9863] Unreal 2: The Awakening — playable — Action
[2891/9863] Unreal Tournament: Game of the Year Edition — playable — Action
[2892/9863] Prince of Persia: The Two Thrones™ — playable — Action, Adventure
[2893/9863] Tom Clancy's Splinter Cell Double Agent® — playable — Action
[2894/9863] Beyond Good and Evil™ — playable — Action, Adventure
[2895/9863] IL-2 Sturmovik: 1946 — playable — Simulation
[2896/9863] Heroes of Might & Magic V: Tribes of the East — unsupported — Strategy
[2897/9863] AaaaaAAaaaAAAaaAAAAaAAAAA!!! for the Awesome — playable — Action, Indie, Sports
[2898/9863] Oddworld: Abe's Exoddus® — playable — Adventure
[2899/9863] Legendary — playable — Action
[2900/9863] Nuclear Dawn — unknown — Action, Strategy
[2901/9863] And Yet It Moves — playable — Action, Indie
[2902/9863] Tom Clancy's Rainbow Six® 3 Gold — playable — Action
[2903/9863] Bionic Commando: Rearmed — unsupported — Action
[2904/9863] Call of Juarez: Bound in Blood — unsupported — Action
[2905/9863] Zeno Clash — playable — Action, Indie
[2906/9863] Command & Conquer™ 3: Kane’s Wrath — playable — Action, Strategy
[2907/9863] Need for Speed: Shift — playable — Racing
[2908/9863] Osmos — playable — Casual, Indie
[2909/9863] Caster — unknown — Action, Adventure, Casual, Indie, RPG, Strategy
[2910/9863] STAR WARS™ Dark Forces (Classic, 1995) — playable — Action
[2911/9863] Monkey Island™ 2 Special Edition: LeChuck’s Revenge™ — playable — Adventure
[2912/9863] Prince of Persia: The Forgotten Sands™ — playable — Action, Adventure
[2913/9863] From Dust — playable — Adventure, Simulation
[2914/9863] Broken Sword 2 - the Smoking Mirror: Remastered (2010) — verified — Adventure, Casual
[2915/9863] Disciples III - Renaissance Steam Special Edition — playable — RPG, Strategy
[2916/9863] Mini Ninjas — verified — Action, Adventure
[2917/9863] The Ball — playable — Action, Adventure, Indie, Strategy
[2918/9863] Time Gentlemen, Please! and Ben There, Dan That! Special Edition  Double Pack — unsupported — Adventure, Indie
[2919/9863] Time Gentlemen, Please! and Ben There, Dan That! Special Edition  Double Pack — unknown — Adventure, Indie
[2920/9863] RUSH — unknown — Casual, Indie, Strategy
[2921/9863] EDGE — playable — Action, Indie
[2922/9863] SpellForce - Platinum Edition — playable — Action, RPG
[2923/9863] Serious Sam Classic: The First Encounter — unsupported — Action, Indie
[2924/9863] Singularity™ — playable — Action
[2925/9863] Defense of the Oasis — unknown — Casual, Strategy
[2926/9863] Devil May Cry 4 — unsupported — Action, Adventure
[2927/9863] Dead Rising 2: Off the Record — verified — Action, Adventure
[2928/9863] Atom Zombie Smasher — unknown — Indie, Strategy
[2929/9863] Might & Magic: Clash of Heroes — verified — RPG, Strategy
[2930/9863] Kaptain Brawe: A Brawe New World — unknown — Adventure, Indie
[2931/9863] Dustforce DX — unknown — Action, Indie
[2932/9863] Worms Pinball — playable — Casual
[2933/9863] Crazy Taxi — verified — Action, Racing
[2934/9863] Closure — playable — Indie
[2935/9863] Cities in Motion — unknown — Simulation
[2936/9863] Majesty 2 Collection — playable — Strategy
[2937/9863] Hydrophobia: Prophecy — unsupported — Action, Adventure, Indie, Strategy
[2938/9863] Revenge of the Titans — playable — Action, Indie, Strategy
[2939/9863] The Dream Machine: Chapter 1 & 2 — playable — Adventure, Casual, Indie
[2940/9863] Alien Hallway — unknown — Action, Casual, Indie, Strategy
[2941/9863] A New Beginning - Final Cut — unsupported — Adventure, Indie
[2942/9863] Serious Sam Double D XXL — verified — Action, Indie
[2943/9863] Guardians of Middle-earth — playable — Action, Strategy
[2944/9863] Iron Brigade — unsupported — Action, Strategy
[2945/9863] Global Ops: Commando Libya — playable — Action
[2946/9863] Worms Revolution — playable — Strategy
[2947/9863] Oil Rush — unknown — Indie, Strategy
[2948/9863] Pox Nora — unknown — RPG, Strategy, Free To Play
[2949/9863] Serious Sam: The Random Encounter — unsupported — Action, Indie, RPG
[2950/9863] Really Big Sky — unsupported — Action, Indie
[2951/9863] The Dark Eye: Chains of Satinav — verified — Adventure, Indie
[2952/9863] Waveform — playable — Adventure, Indie, Strategy
[2953/9863] Infested Planet — playable — Action, Indie, Strategy
[2954/9863] Retro City Rampage™ DX — verified — Action, Adventure, Indie, Racing
[2955/9863] 3SwitcheD — playable — Casual, Indie
[2956/9863] A Virus Named TOM — verified — Action, Indie, Strategy
[2957/9863] F1 2012™ — playable — Racing, Simulation, Sports
[2958/9863] Game of Thrones — unsupported — Action, RPG
[2959/9863] R.A.W. Realms of Ancient War — unsupported — Action, RPG
[2960/9863] Galaxy on Fire 2™ Full HD — playable — Action, Indie, Simulation, Strategy
[2961/9863] LEGO® Batman™ 2: DC Super Heroes — verified — Action, Adventure
[2962/9863] I Am Alive — playable — Action, Adventure
[2963/9863] Tower Wars — playable — Action, Indie, Strategy
[2964/9863] Thirty Flights of Loving — playable — Adventure, Casual, Indie
[2965/9863] Space Rangers HD: A War Apart — playable — Action, Adventure, RPG, Simulation, Strategy
[2966/9863] The Basement Collection — playable — Adventure, Indie, Strategy
[2967/9863] Half Minute Hero: Super Mega Neo Climax Ultimate Boy — unsupported — Action, Casual, RPG
[2968/9863] Painkiller Hell & Damnation — playable — Action
[2969/9863] Intrusion 2 — unknown — Action, Indie
[2970/9863] Zeno Clash 2 — playable — Action, Indie
[2971/9863] Blood Bowl: Chaos Edition — unknown — Sports, Strategy
[2972/9863] Of Orcs And Men — playable — Action, RPG
[2973/9863] Beyond Divinity — unknown — RPG
[2974/9863] Edna & Harvey: Harvey's New Eyes — unsupported — Adventure, Indie
[2975/9863] Farming Simulator 2013 Titanium Edition — playable — Casual, Simulation
[2976/9863] StarDrive — unknown — Indie, Strategy
[2977/9863] Zombie Driver HD — playable — Action, Indie, Racing
[2978/9863] DG2: Defense Grid 2 — verified — Indie, Strategy
[2979/9863] Arma Tactics — unknown — Indie, Strategy
[2980/9863] Tomb Raider V: Chronicles (2000) — unsupported — Action, Adventure
[2981/9863] Full Mojo Rampage — playable — Action, Indie, RPG
[2982/9863] Tomb Raider II (1997) — unsupported — Action, Adventure
[2983/9863] Tomb Raider III (1998) — unsupported — Action, Adventure
[2984/9863] DARK — unsupported — Action, RPG
[2985/9863] Sniper Elite: Nazi Zombie Army — playable — Action
[2986/9863] Sang-Froid - Tales of Werewolves — unsupported — Action, Adventure, Indie, RPG, Strategy
[2987/9863] God Mode — unsupported — Action
[2988/9863] Castle Story — playable — Indie, Simulation, Strategy
[2989/9863] Fallen Enchantress: Legendary Heroes — unsupported — Indie, RPG, Strategy
[2990/9863] Ace Combat Assault Horizon - Enhanced Edition — unsupported — Action, Simulation
[2991/9863] N++ (NPLUSPLUS) — verified — Action
[2992/9863] La-Mulana — verified — Action, Adventure, Indie
[2993/9863] Kentucky Route Zero: PC Edition — verified — Adventure, Indie
[2994/9863] Knights of Pen and Paper +1 Edition — playable — Indie, RPG
[2995/9863] Godus — unknown — Indie, Simulation, Strategy, Early Access
[2996/9863] LUFTRAUSERS — playable — Action, Casual, Indie, Simulation
[2997/9863] Evoland — verified — Adventure, Indie, RPG
[2998/9863] Receiver — playable — Action, Indie, Simulation
[2999/9863] The 39 Steps — unknown — Adventure, Casual, Indie
[3000/9863] Audiosurf 2 — playable — Indie
[3001/9863] PAC-MAN™ Championship Edition DX+ — verified — Action
[3002/9863] Anomaly 2 — unknown — Action, Indie, Strategy
[3003/9863] UFO: Afterlight — unsupported — Indie, Strategy
[3004/9863] Bionic Dues — unknown — Indie, RPG, Strategy
[3005/9863] Quadrilateral Cowboy — playable — Action, Adventure, Indie
[3006/9863] Sherlock Holmes: Crimes and Punishments — verified — Adventure
[3007/9863] Rogue Legacy — verified — Action, Adventure, Indie, RPG
[3008/9863] Goodbye Deponia — playable — Adventure, Indie
[3012/9863] Betrayer — verified — Action, Adventure, Indie
[3013/9863] The Dark Eye: Memoria — unsupported — Adventure, Indie
[3014/9863] PixelJunk™ Monsters Ultimate — verified — Strategy
[3015/9863] Gas Guzzlers Extreme — playable — Action, Racing, Sports
[3016/9863] Divinity: Dragon Commander — playable — Action, RPG, Strategy
[3017/9863] Sid Meier’s Ace Patrol — playable — Casual, Strategy
[3018/9863] Shelter — playable — Adventure, Indie
[3019/9863] StarMade — unknown — Action, Adventure, Indie, RPG, Simulation, Strategy, Early Access
[3020/9863] I Have No Mouth, and I Must Scream — verified — Adventure
[3021/9863] Hack 'n' Slash — verified — Adventure, Casual, Indie
[3022/9863] The Typing of The Dead: Overkill — playable — Action
[3023/9863] FATE — playable — Action, Adventure, RPG
[3024/9863] Volgarr the Viking — playable — Action, Adventure, Indie
[3025/9863] Deadly Premonition: The Director's Cut — unsupported — Action, Adventure
[3026/9863] Sniper Elite: Nazi Zombie Army 2 — verified — Action, Adventure
[3027/9863] Scribblenauts Unmasked: A DC Comics Adventure — playable — Action, Adventure, Casual, Strategy
[3028/9863] Jazzpunk: Director's Cut — verified — Adventure, Indie
[3029/9863] Bridge Constructor — verified — Casual, Indie, Simulation
[3030/9863] UnderRail — playable — Indie, RPG
[3031/9863] Among the Sleep - Enhanced Edition — verified — Action, Adventure, Indie
[3032/9863] Damned — unknown — Adventure
[3033/9863] TowerFall Ascension — playable — Action, Indie
[3034/9863] Legend of Grimrock 2 — verified — Adventure, Indie, RPG
[3035/9863] Long Live The Queen — playable — Indie, RPG, Simulation, Strategy
[3036/9863] Lovers in a Dangerous Spacetime — verified — Action, Indie, Simulation
[3037/9863] CABAL Online — unsupported — Action, Free To Play, Massively Multiplayer, RPG
[3038/9863] Sparkle 2 Evo — playable — Action, Adventure, Casual, Indie, Racing, Simulation, Strategy
[3039/9863] KnightShift — unsupported — RPG, Strategy
[3040/9863] Abyss Odyssey — verified — Action, Adventure, Indie
[3041/9863] Edna & Harvey: The Breakout — playable — Adventure, Indie
[3042/9863] Magic 2015 - Duels of the Planeswalkers — unsupported — Strategy
[3043/9863] Enemy Front — verified — Action
[3044/9863] WRC 4 FIA World Rally Championship — unsupported — Racing
[3045/9863] Get Off My Lawn! — unknown — Casual, Indie, Free To Play
[3046/9863] Neighbours from Hell Compilation — playable — Adventure, Casual
[3047/9863] Tesla Effect: A Tex Murphy Adventure — playable — Adventure, Indie
[3048/9863] Lifeless Planet Premier Edition — playable — Action, Adventure, Indie
[3049/9863] Vanguard Princess — unsupported — Action, Casual, Indie
[3050/9863] Mitsurugi Kamui Hikae — verified — Action, Indie
[3051/9863] Out There Somewhere — verified — Action, Adventure, Indie
[3052/9863] Victory: The Age of Racing — unknown — Indie, Racing, Simulation, Sports, Free To Play
[3053/9863] CONSORTIUM — unknown — Action, Adventure, Indie, RPG
[3054/9863] Narcissu 1st & 2nd — unknown — Indie
[3055/9863] LYNE — verified — Casual, Indie
[3056/9863] Tower of Guns — unknown — Action, Indie
[3057/9863] Breach & Clear — playable — Action, RPG, Simulation, Strategy
[3058/9863] The Whispered World Special Edition — unsupported — Adventure, Indie
[3059/9863] BADLAND: Game of the Year Edition — verified — Action, Adventure, Indie
[3060/9863] DreadOut — playable — Adventure, Indie
[3061/9863] Depression Quest — playable — Free To Play, Indie, RPG, Simulation
[3062/9863] Robot Roller-Derby Disco Dodgeball — unknown — Action, Indie, Sports
[3063/9863] Etherlords II — unknown — Adventure, Indie, RPG, Strategy
[3064/9863] Star Control®: Origins — unsupported — Action, Adventure, Simulation
[3065/9863] Sniper Art of Victory — unknown — Action
[3066/9863] Space Farmers — unknown — Action, Indie
[3067/9863] Detective Grimoire — unknown — Adventure, Indie
[3068/9863] Always Sometimes Monsters — playable — Indie, RPG
[3069/9863] Revolution Ace — unknown — Action, Adventure, Indie
[3070/9863] Shelter 2 — verified — Adventure, Casual, Indie
[3071/9863] Canyon Capers — unknown — Action, Casual, Indie
[3072/9863] Digger Online — unknown — Action, Adventure
[3073/9863] Creeper World 3: Arc Eternal — playable — Indie, Simulation, Strategy
[3074/9863] The Banner Saga 2 — verified — Indie, RPG, Strategy
[3075/9863] Pixel Puzzles: UndeadZ — unknown — Action, Casual, Indie, Simulation, Strategy, Free To Play
[3076/9863] ACE - Arena: Cyber Evolution — unknown — Action, Free To Play, Indie, Sports, Strategy, Early Access
[3077/9863] Tooth and Tail — playable — Action, Casual, Indie, Strategy
[3078/9863] Dead Effect — playable — Action, Indie
[3079/9863] You Have to Win the Game — verified — Action, Indie
[3080/9863] QuestRun — unknown — RPG
[3081/9863] FarSky — unknown — Adventure, Indie
[3082/9863] Ionball 2: Ionstorm — unknown — Action, Casual
[3083/9863] CoH 2 - The Western Front Armies: Oberkommando West — unknown — Strategy
[3084/9863] Whispering Willows — unknown — Adventure, Indie
[3085/9863] Requiem: Desiderium Mortis — playable — Action, Adventure, Casual, Massively Multiplayer, RPG, Free To Play
[3086/9863] Grey Goo — playable — Strategy
[3087/9863] The Hat Man: Shadow Ward — unknown — Action, Adventure, Indie
[3088/9863] FINAL FANTASY® XIII-2 — playable — RPG
[3089/9863] DarkEnd — unknown — Indie, RPG
[3090/9863] Chompy Chomp Chomp — unknown — Action, Indie
[3091/9863] Uriel's Chasm — unknown — Adventure, Casual, Indie
[3092/9863] GemCraft - Chasing Shadows — playable — Action, Indie, Strategy
[3093/9863] Renowned Explorers: International Society — playable — Adventure, Indie, RPG, Strategy
[3094/9863] Orbital Gear — verified — Action, Indie, Simulation, Free To Play
[3095/9863] Ylands — playable — Adventure, Casual, Free To Play
[3096/9863] Rogue Stormers — playable — Action, Indie
[3098/9863] Frederic: Evil Strikes Back — playable — Action, Casual, Indie
[3099/9863] Bus Driver — playable — Indie, Simulation
[3100/9863] Bloons TD 5 — playable — Action, Strategy
[3101/9863] The Howler — unknown — Casual, Indie, Simulation, Strategy
[3102/9863] Crystals of Time — playable — Casual, Indie
[3103/9863] Obduction — playable — Adventure, Indie
[3104/9863] I, Zombie — verified — Casual, Indie, Strategy
[3105/9863] Hard West — playable — Adventure, Indie, RPG, Strategy
[3106/9863] Savage Lands — playable — Action, Adventure, Indie, RPG, Simulation
[3107/9863] Black The Fall — playable — Action, Adventure, Indie
[3108/9863] Knights of Pen and Paper 2 — playable — Adventure, Indie, RPG, Simulation, Strategy
[3109/9863] Hatoful Boyfriend — playable — Casual, Indie, Simulation
[3110/9863] Deathtrap — playable — Action, Adventure, Indie, RPG, Strategy
[3111/9863] Naval Action — unsupported — Indie, Massively Multiplayer, Racing, Simulation
[3112/9863] METAL SLUG X — verified — Action
[3113/9863] Final Fantasy IV (3D Remake) — playable — RPG
[3114/9863] Way of the Samurai 4 — unsupported — Action, Adventure
[3115/9863] Fahrenheit: Indigo Prophecy Remastered — unsupported — Adventure, RPG
[3116/9863] Cities XXL — playable — Simulation
[3117/9863] Sakura Spirit — playable — Indie
[3118/9863] The Forgotten Ones — unknown — Action, Adventure, Free To Play, Indie
[3119/9863] M.A.R.S. — unsupported — Action, Massively Multiplayer, Free To Play
[3120/9863] Star Saviors — playable — Action, Indie, Strategy
[3121/9863] Color Symphony — unknown — Action, Indie, Free To Play
[3122/9863] AXYOS — unknown — Action, Casual, Indie, Massively Multiplayer, Strategy
[3123/9863] Cosmonautica — unknown — Adventure, Indie, Simulation, Strategy
[3124/9863] Icewind Dale: Enhanced Edition — verified — Adventure, RPG
[3125/9863] 20XX — playable — Action, Indie
[3126/9863] Vagante — playable — Action, Adventure, Indie, RPG
[3127/9863] Grow Home — verified — Adventure, Casual, Indie
[3128/9863] Rising World — playable — Action, Adventure, Indie, RPG, Early Access
[3129/9863] Tilt Brush — unsupported — Free To Play, Design & Illustration
[3130/9863] Anna's Quest — verified — Adventure, Indie
[3131/9863] Reassembly — playable — Action, Indie, Strategy
[3132/9863] Sonic Lost World — verified — Adventure
[3133/9863] Passing Pineview Forest — unknown — Action, Adventure, Indie
[3134/9863] AER Memories of Old — verified — Adventure, Indie
[3135/9863] Darkness Assault — unknown — Violent, Gore, Action, Indie
[3136/9863] Forward to the Sky — unknown — Action, Adventure, Casual, Indie, RPG
[3137/9863] Down To One — unknown — Action
[3138/9863] Star Traders: 4X Empires — playable — Indie, Simulation, Strategy
[3139/9863] Yoku's Island Express — verified — Adventure, Indie
[3140/9863] HIT — unknown — Free To Play
[3141/9863] Karos — playable — Massively Multiplayer, RPG, Free To Play
[3142/9863] Ratz Instagib — unknown — Action, Indie
[3143/9863] Trouble In The Manor — unsupported — Action, Casual, Indie
[3144/9863] Oceanhorn: Monster of Uncharted Seas — verified — Action, Adventure, Indie, RPG
[3145/9863] Ember — playable — Adventure, Indie, RPG, Strategy
[3146/9863] Freestyle 2: Street Basketball — unsupported — Action, Casual, Massively Multiplayer, Sports, Free To Play
[3147/9863] FINAL FANTASY TYPE-0™ HD — unsupported — Action, RPG
[3148/9863] Deepworld — unsupported — Action, Adventure, Casual, Free To Play, Indie, Massively Multiplayer, RPG, Early Access
[3149/9863] Camera Obscura — unknown — Action, Adventure, Indie, Strategy
[3150/9863] Among Ripples — unknown — Casual, Free To Play, Indie, Simulation
[3151/9863] Gunscape — unknown — Action, Indie
[3152/9863] Airships: Conquer the Skies — playable — Action, Indie, Strategy
[3153/9863] Cataegis : The White Wind — unsupported — Action, Indie
[3154/9863] CRYPTARK — verified — Action, Adventure, Indie, Strategy
[3155/9863] LIGHTNING RETURNS™: FINAL FANTASY® XIII — playable — RPG
[3156/9863] Boring Man - Online Tactical Stickman Combat — playable — Action, Indie, Massively Multiplayer, Free To Play
[3157/9863] GUILTY GEAR XX ACCENT CORE PLUS R — verified — Action
[3158/9863] Lord of the Dark Castle — unsupported — Action, Adventure, Casual, Indie, RPG, Strategy
[3159/9863] Pixel Puzzles 2: Anime — playable — Action, Casual, Indie, Simulation, Strategy
[3160/9863] The Silent Age — playable — Adventure, Casual, Indie
[3161/9863] The Universim — playable — Indie, Simulation, Strategy
[3162/9863] Hyperdimension Neptunia Re;Birth3 V Generation — playable — RPG, Strategy
[3163/9863] Aberoth — unknown — Action, Adventure, Free To Play, Indie, Massively Multiplayer, RPG
[3164/9863] Please, Don’t Touch Anything — verified — Casual, Indie
[3165/9863] LoveBeat — unknown — Action, Casual, Massively Multiplayer, Free To Play
[3166/9863] Sheltered — playable — Indie, RPG, Strategy
[3167/9863] Death's Gambit: Afterlife — verified — Action, Adventure, Indie, RPG
[3168/9863] UBERMOSH — verified — Action, Indie
[3169/9863] Red Lake — unknown — Action, Adventure, Indie
[3170/9863] Evoland 2 — verified — Action, Adventure, Indie, RPG
[3171/9863] Tangle Tower — verified — Adventure, Indie
[3172/9863] Ultimate Tic-Tac-Toe — unknown — Casual, Free To Play
[3173/9863] Sparkle 3 Genesis — playable — Action, Casual, Indie, Simulation
[3174/9863] Mother Russia Bleeds — verified — Action, Indie
[3175/9863] Lakeview Cabin Collection — playable — Indie
[3176/9863] Mega Man Legacy Collection — verified — Action
[3177/9863] Battlefleet Gothic: Armada — unsupported — Strategy
[3178/9863] Roguelands — unknown — Action, Adventure, Indie, RPG
[3179/9863] Colony Survival — verified — Action, Adventure, Indie, Strategy, Early Access
[3180/9863] METAL SLUG — playable — Action
[3181/9863] Hook — verified — Casual, Indie
[3182/9863] Pongo — playable — Action, Adventure, Casual, Indie, Strategy
[3183/9863] Slain: Back from Hell — playable — Action, Indie
[3184/9863] Holodrive — unknown — Action, Indie, Free To Play
[3185/9863] Aegis Defenders — unknown — Action, Adventure, Indie, RPG, Strategy
[3186/9863] Bounty Train — playable — Indie, Simulation, Strategy
[3187/9863] All Is Dust — unknown — Adventure, Free To Play
[3188/9863] Contradiction: Spot The Liar — verified — Adventure, Indie, RPG, Strategy
[3189/9863] Ryzom — playable — Action, Adventure, Indie, Massively Multiplayer, RPG, Free To Play
[3190/9863] LiEat — playable — Indie, RPG
[3191/9863] Sudden Strike 4 — playable — Strategy
[3192/9863] Falcon — unknown — Simulation
[3193/9863] Energy Balance — unknown — Casual, Indie
[3194/9863] GUILTY GEAR Xrd -SIGN- — verified — Action
[3195/9863] Minecraft: Story Mode - A Telltale Games Series — playable — Adventure
[3196/9863] The Tower Of Elements — unknown — Action, Indie
[3197/9863] 侠客风云传(Tale of Wuxia) — playable — Adventure, Casual, RPG, Simulation, Strategy
[3198/9863] Nyctophobia — unknown — Adventure, Indie
[3199/9863] STASIS — playable — Adventure, Indie
[3200/9863] Shoppe Keep — playable — Adventure, Indie, RPG, Simulation
[3201/9863] Trials on Tatooine — unsupported — Action
[3202/9863] FINAL FANTASY VI (Old ver.) — playable — RPG
[3203/9863] Dungeon Souls — playable — Action, Adventure, Indie, RPG
[3204/9863] Flesh Eaters — unknown — Action, Adventure, Indie, RPG, Simulation
[3205/9863] CAT Interstellar — playable — Action, Adventure, Indie, Simulation
[3206/9863] Jet Racing Extreme: The First Encounter — unknown — Action, Indie, Racing, Simulation, Sports
[3207/9863] Steambirds Alliance — unknown — Action, Free To Play, Indie, Massively Multiplayer, RPG
[3208/9863] Rake — unknown — Action, Adventure, Indie, Simulation
[3209/9863] Hyperdimension Neptunia U: Action Unleashed — unsupported — Action, RPG
[3210/9863] Clown House (Palyaço Evi) — unknown — Action, Indie, Free To Play
[3211/9863] Borderless Gaming — unsupported — Action, Utilities
[3212/9863] Project Druid - 2D Labyrinth Explorer- — playable — Casual, Indie
[3213/9863] BlazBlue: Chronophantasma Extend — verified — Action
[3214/9863] Fantasy Strike — unknown — Action, Casual, Free To Play, Indie
[3215/9863] Labyronia RPG — unknown — Action, Adventure, Indie, RPG
[3216/9863] Fingerbones — unknown — Adventure, Indie, Free To Play
[3217/9863] Crashlands — verified — Action, Adventure, Indie, RPG
[3218/9863] Uebergame — playable — Action, Casual, Free To Play, Indie
[3219/9863] Office Battle — unknown — Violent, Action, Indie
[3220/9863] DEADBOLT — playable — Action, Indie
[3221/9863] Missing Translation — unsupported — Adventure, Casual, Free To Play, Indie
[3222/9863] GRIP: Combat Racing — playable — Action, Indie, Racing
[3223/9863] The Jackbox Party Pack 2 — verified — Casual, Indie, Strategy
[3224/9863] Romance of the Three Kingdoms Maker — unsupported — Simulation
[3225/9863] Arcane Sorcery — unknown — Indie, Strategy
[3226/9863] Else Heart.Break() — unknown — Adventure, Indie, RPG
[3227/9863] Normality — unknown — Action, Adventure
[3228/9863] The Final Take — playable — Adventure, Indie
[3229/9863] THE GAME OF LIFE — playable — Adventure, Casual, Simulation
[3230/9863] Vikings - Wolves of Midgard — unknown — Action, RPG
[3231/9863] Hob — playable — Action, Adventure, Indie
[3232/9863] Refunct — verified — Adventure, Casual, Indie
[3233/9863] Twilight Struggle — playable — Simulation, Strategy
[3234/9863] KartKraft™ — playable — Action, Casual, Racing, Simulation, Sports
[3235/9863] Warfront Defenders — unknown — Action, Indie, Strategy, Early Access
[3236/9863] GASP — unknown — Action, Casual, Free To Play, Indie, Simulation, Strategy
[3237/9863] Energy Cycle — unknown — Casual, Indie
[3238/9863] Full Metal Furies — playable — Action, Adventure, Indie, RPG
[3239/9863] Zombie Night Terror — playable — Action, Indie, Strategy
[3240/9863] Ghost of a Tale — unsupported — Action, Adventure, Indie, RPG
[3241/9863] Apotheon Arena — unsupported — Action, Free To Play, Indie
[3242/9863] Starpoint Gemini Warlords — unsupported — Action, RPG, Simulation, Strategy
[3243/9863] Project Highrise — playable — Simulation, Strategy
[3244/9863] Army of Tentacles: (Not) A Cthulhu Dating Sim — unknown — Adventure, Casual, Indie, RPG
[3245/9863] Momodora: Reverie Under The Moonlight — playable — Action, Adventure, Indie
[3246/9863] Deliver Us The Moon — verified — Action, Adventure, Indie
[3247/9863] Prime World: Defenders 2 — playable — Free To Play, Massively Multiplayer, Strategy
[3248/9863] AdventureQuest 3D — playable — Action, Adventure, Casual, Free To Play, Indie, Massively Multiplayer, RPG
[3249/9863] Kabounce — verified — Action, Indie, Sports
[3250/9863] Epic Battle Fantasy 5 — unsupported — Adventure, RPG, Strategy
[3251/9863] DARQ: Complete Edition — verified — Action, Adventure, Indie
[3252/9863] 2Dark — playable — Adventure, Indie
[3253/9863] The Lion's Song: Episode 1 - Silence — verified — Adventure, Indie
[3254/9863] Niche - a genetics survival game — playable — Indie, Simulation, Strategy
[3255/9863] OutDrive — unsupported — Casual, Indie, Racing
[3256/9863] Asteroid Bounty Hunter — playable — Action, Adventure, Casual, Indie, RPG
[3257/9863] Crown and Council — playable — Casual, Indie, Strategy
[3258/9863] TRAPPED — unknown — Action, Adventure, Indie, Strategy
[3259/9863] Zaccaria Pinball — verified — Action, Casual, Indie, Racing, Simulation, Sports, Free To Play
[3260/9863] UBERMOSH:BLACK — verified — Action, Indie
[3261/9863] Red Risk — unknown — Action, Casual, Indie, Strategy
[3262/9863] Caveblazers — verified — Action, Adventure, Indie
[3263/9863] Airstrike HD — unknown — Casual, Indie
[3264/9863] Starbase — playable — Action, Massively Multiplayer, Simulation, Early Access
[3265/9863] LuckCatchers — unknown — Free To Play, Indie, Massively Multiplayer, RPG, Simulation, Strategy
[3266/9863] Twin Saga — unknown — Free To Play, Massively Multiplayer, RPG
[3267/9863] The Room Three — playable — Adventure, Indie
[3268/9863] Megadimension Neptunia VII — unsupported — RPG, Strategy
[3269/9863] PICO PARK:Classic Edition — verified — Action, Casual, Indie
[3270/9863] MANDAGON — playable — Adventure, Free To Play, Indie
[3271/9863] Hyposphere — unknown — Casual, Indie
[3272/9863] Forge of Gods (RPG) — unknown — Free To Play, Massively Multiplayer, RPG, Strategy
[3273/9863] Beat Cop — playable — Adventure, Indie, Simulation
[3274/9863] Screeps: World — unsupported — Indie, Massively Multiplayer, Simulation, Strategy
[3275/9863] PRICE — unknown — Adventure, Casual, Indie
[3276/9863] White Day: A Labyrinth Named School — verified — Action, Adventure, Indie
[3277/9863] Insincere — unsupported — Action, Indie
[3278/9863] Home Behind — playable — Adventure, Casual, Indie, RPG, Simulation, Strategy
[3279/9863] NVIDIA® VR Funhouse — unknown — Casual, Free To Play
[3280/9863] Super Mega Neo Pug — playable — Action, Casual, Indie
[3281/9863] Space Codex — unknown — Casual
[3282/9863] NEKOPALIVE — verified — Casual, Free To Play
[3283/9863] Cosmic Dust & Rust — unknown — Action, Casual, Indie, Strategy
[3284/9863] Manifold Garden — verified — Adventure, Indie
[3285/9863] Yu-Gi-Oh! Legacy of the Duelist — verified — Simulation
[3286/9863] Mad Father — verified — Adventure, Indie
[3287/9863] 恶魔迷宫 | Evil Maze — unknown — Action, Adventure, Indie, RPG, Strategy
[3288/9863] Rise of the Ancients — unknown — Indie, Strategy
[3289/9863] Syrian Warfare — unsupported — Indie, Strategy
[3290/9863] Quest Hunter — verified — Action, Adventure, Indie, RPG
[3291/9863] CASE: Animatronics — playable — Action, Adventure, Indie, Simulation
[3292/9863] The Precinct — verified — Action, Indie, Simulation
[3293/9863] Fly O'Clock — verified — Action, Casual, Indie
[3294/9863] The Bus — unsupported — Simulation, Early Access
[3295/9863] RiME — verified — Adventure
[3296/9863] NARUTO: Ultimate Ninja STORM — verified — Action, Adventure
[3297/9863] Montaro — playable — Casual, Indie
[3298/9863] Life is Feudal: Forest Village — unsupported — Indie, Simulation, Strategy
[3299/9863] Street Legal Racing: Redline v2.3.1 — unsupported — Racing, Simulation
[3300/9863] Star Fields — unknown — Casual, Indie
[3301/9863] The Turing Test — playable — Adventure
[3302/9863] Arcanum: Of Steamworks and Magick Obscura — unsupported — RPG
[3303/9863] Drayt Empire — unknown — Indie, RPG
[3304/9863] Strike.is: The Game — unknown — Action, Massively Multiplayer, Free To Play
[3305/9863] Super Star — playable — Adventure, Indie, Simulation
[3306/9863] SHENZHEN I/O — playable — Indie, Simulation
[3307/9863] The God's Chain — unknown — Action
[3308/9863] Carmageddon: Max Damage — unsupported — Action
[3309/9863] Black Sand Drift — unknown — Casual, Indie
[3310/9863] Broken Armor — playable — Action, Indie
[3311/9863] Final Quest — unknown — Indie, RPG
[3312/9863] The Underground Man — playable — Adventure, Indie
[3313/9863] F1™ 2017 — playable — Racing, Simulation, Sports
[3314/9863] Hyper color ball — unknown — Casual, Indie, Simulation
[3315/9863] UBERMOSH Vol.3 — unknown — Action, Indie
[3316/9863] Caesar™ 3 — playable — Simulation, Strategy
[3317/9863] Aim Hero — playable — Action, Early Access
[3318/9863] Accounting (Legacy) — unknown — Adventure, Indie
[3319/9863] Lone Leader — unsupported — Violent, Gore, Action, Adventure, Indie
[3320/9863] Minds Eyes — unknown — Action, Adventure, Free To Play, Indie
[3321/9863] Dear Esther: Landmark Edition — verified — Adventure, Casual, Indie, Free To Play
[3322/9863] Epic Battle Fantasy 3 — playable — Adventure, Indie, RPG, Free To Play
[3323/9863] Emergency 2017 — unknown — Simulation
[3324/9863] Starship Annihilator — unknown — Action, Indie
[3325/9863] Just Hero — unknown — Casual, Indie
[3326/9863] Russian SuperHero Dead Ivan — unknown — Casual, Indie
[3327/9863] Haydee — playable — Action, Indie
[3328/9863] DMT: Dream Dealer Trip — unknown — Action, Adventure, Casual, Indie, Simulation
[3329/9863] Rusty Lake: Roots — verified — Adventure, Indie
[3330/9863] CAYNE — unknown — Adventure, Indie, Free To Play
[3331/9863] Sundered®: Eldritch Edition — playable — Action, Adventure, Indie
[3332/9863] Ancestors: The Humankind Odyssey — playable — Action, Adventure, Indie, RPG
[3333/9863] The Legend of Heroes: Trails of Cold Steel — verified — RPG
[3334/9863] Nuclear Contingency — playable — Action, Adventure, Indie
[3335/9863] GTTOD: Get To The Orange Door — playable — Action, Adventure, Indie, Early Access
[3336/9863] Dead Rising 4 — verified — Action
[3337/9863] METAL GEAR SURVIVE — playable — Action, Adventure, Strategy
[3338/9863] Stationeers — unsupported — Action, Indie, Simulation, Early Access
[3339/9863] High Profits — unknown — Free To Play, Indie, Simulation
[3340/9863] Lethal League Blaze — verified — Action, Indie, Sports
[3341/9863] Infinitum — unknown — Action, Adventure, Indie, Simulation
[3342/9863] iREC — unknown — Indie
[3343/9863] Gorogoa — verified — Adventure, Casual, Indie
[3344/9863] Atom Fishing II — playable — Free To Play, Indie, Massively Multiplayer, Simulation
[3345/9863] Phantom Doctrine — unsupported — Action, RPG, Strategy
[3346/9863] Rakuen — playable — 
[3347/9863] Super Blue Boy Planet — playable — Indie, Free To Play
[3348/9863] Zup! 2 — verified — Casual, Indie
[3349/9863] Cabals: Card Blitz — playable — Free To Play, Strategy
[3350/9863] Galactic Junk League — unknown — Action, Casual, Free To Play, Indie, Massively Multiplayer
[3351/9863] Pharaoh + Cleopatra — playable — Simulation, Strategy
[3352/9863] Tattletail — playable — Action, Indie
[3353/9863] Force of Nature — unknown — Action, Adventure, Indie, RPG, Simulation, Strategy
[3354/9863] Laser League: World Arena — playable — Action, Indie, Sports
[3355/9863] 家有大貓 Nekojishi — playable — Indie, Free To Play
[3356/9863] Party Hard 2 — verified — Action, Adventure, Indie, Simulation, Strategy
[3357/9863] Zup! 3 — unknown — Casual, Indie
[3358/9863] Fruit Arranger — unknown — Casual, Indie
[3359/9863] Mighty Party — playable — Action, Adventure, Massively Multiplayer, RPG, Strategy, Free To Play
[3360/9863] Killer Instinct — verified — Action, Free To Play
[3361/9863] idleBeer — unknown — Casual, Indie, Simulation
[3362/9863] Metal Waltz: Anime tank girls — unsupported — Adventure, RPG, Simulation, Strategy
[3363/9863] Sword With Sauce — playable — Action, Casual
[3364/9863] Late Shift — verified — Adventure, Indie
[3365/9863] Street Fighter 30th Anniversary Collection — unsupported — Action
[3366/9863] Upside Down — playable — Action, Adventure, Casual, Indie
[3367/9863] I Expect You To Die — unsupported — Adventure
[3368/9863] Dungeons of Sundaria — playable — Action, Adventure, Indie, RPG
[3369/9863] Kindergarten — playable — Adventure, Indie
[3370/9863] Production Line : Car factory simulation — playable — Indie, Simulation, Strategy
[3371/9863] Cat Quest — verified — Action, Adventure, Casual, Indie, RPG
[3372/9863] Visage — playable — Action, Adventure, Indie, Simulation
[3373/9863] One Hour One Life — unsupported — Indie, Massively Multiplayer, Simulation
[3374/9863] Old World — playable — RPG, Simulation, Strategy
[3375/9863] Carcassonne - Tiles & Tactics — playable — Casual, Strategy
[3376/9863] Crisis in the Kremlin — playable — Indie, Simulation, Strategy
[3377/9863] NEKOPARA Vol. 3 — unsupported — Casual, Indie
[3378/9863] hack_me 2 — unsupported — Indie, Simulation
[3379/9863] Tank Force: Online Shooter Game — playable — Action, Casual, Massively Multiplayer, Simulation, Free To Play
[3380/9863] Empire of Sin — unsupported — RPG, Strategy
[3381/9863] Stratside — unknown — Casual, Indie, Strategy
